ticker,date,breakout_date,lead_days,breakout_day_ret_pct,top_rank,rank_weight,post_break_close_drawdown_pct,post_break_high_entry_drawdown_pct,safe_after_break,future_breakout,future_max_ret_pct,Open,High,Low,Close,Volume,vol_ratio_20,value_traded,dist_to_10d_high_pct,dist_to_20d_high_pct,range_10d_pct,close_pos_day,rsi14,macd_hist,macd_bullish,adx14,cmf20,obv_slope_5_pct,price_vs_sma20_pct,price_vs_sma50_pct,intraday_range_pct,consecutive_up
BAPA,2026-07-14,2026-07-15,1,17.29323308270676,3,1.0,-34.61538461538461,-35.44303797468354,0,1,17.29323308270676,252.0,276.0,222.0,266.0,104076900.0,3.42834470384353,27684455400.0,86.46616541353383,86.46616541353383,103.00751879699249,0.8148148147997257,46.04538377480643,-8.103261161074418,0,75.2024662297836,-0.06689967676626465,-103.08411771502273,-9.184021850460901,2.323434374519165,20.30075187969925,1
MLPT,2026-07-15,2026-07-16,1,19.975786924939463,2,1.0,0.908173562058523,0.908173562058523,1,1,19.975786924939463,756.0,898.0,744.0,826.0,2902500.0,3.489105935386923,2397465000.0,8.716707021791766,8.716707021791766,26.634382566585955,0.532467532464075,62.65129070958656,11.92160750412212,1,13.375909855460613,0.03322367352885392,76.90883850069412,13.531716033262326,10.47432607814088,18.64406779661017,5
BKDP,2026-07-15,2026-07-16,1,8.333333333333325,8,1.0,-8.974358974358976,-12.345679012345679,0,1,8.333333333333325,148.0,155.0,136.0,144.0,35465000.0,1.9974385026617494,5106960000.0,19.444444444444446,19.444444444444446,66.66666666666666,0.4210526315567867,65.74579253952164,4.65819990289007,1,53.24616128145805,0.3234941421033612,582.9219707355287,27.040141155712398,26.00630031501575,13.194444444444445,0
BKDP,2026-07-14,2026-07-16,2,8.333333333333325,8,1.0,-8.974358974358976,-12.345679012345679,0,1,8.333333333333325,135.0,172.0,118.0,148.0,104376500.0,6.530882574698144,15447722000.0,16.216216216216218,16.216216216216218,64.86486486486487,0.5555555555452675,68.41168242153003,3.192561204612905,1,54.326513132687474,0.376905690325786,682.1441960663626,31.672597864768676,30.85764809902742,36.486486486486484,3
MLPT,2026-07-16,2026-07-17,1,17.96165489404642,2,1.0,-14.456800684345595,-15.254237288135597,0,1,17.96165489404642,900.0,991.0,855.0,991.0,3282500.0,3.3949579831932737,3252957500.0,0.0,0.0,29.36427850655903,0.9999999999926471,74.94013960317427,25.200271328464996,1,16.236794595311782,0.18111967552491035,138.14432989690718,34.15459591173683,32.33872307462416,13.723511604439958,6
MLPT,2026-07-15,2026-07-17,2,17.96165489404642,2,1.0,-14.456800684345595,-15.254237288135597,0,1,17.96165489404642,756.0,898.0,744.0,826.0,2902500.0,3.489105935386923,2397465000.0,8.716707021791766,8.716707021791766,26.634382566585955,0.532467532464075,62.65129070958656,11.92160750412212,1,13.375909855460613,0.03322367352885392,76.90883850069412,13.531716033262326,10.47432607814088,18.64406779661017,5
BRIS,2026-07-16,2026-07-17,1,9.770114942528728,3,1.0,-2.617801047120416,-2.617801047120416,1,1,9.770114942528728,1740.0,1755.0,1730.0,1740.0,11932300.0,1.221771185785543,20762202000.0,5.459770114942529,6.609195402298851,7.758620689655173,0.399999999984,47.39034489323926,1.8568275569615906,1,16.184284068833453,-0.11377196371789239,-7.1654959846312165,-0.28653295128939826,-3.384805088905643,1.4367816091954022,1
RBMS,2026-07-16,2026-07-17,1,8.695652173913038,4,1.0,-13.33333333333333,-14.473684210526317,0,1,8.695652173913038,58.0,74.0,57.0,69.0,373844700.0,2.4960014838016154,25795284300.0,7.246376811594203,23.18840579710145,30.434782608695656,0.705882352899654,59.09413553206738,1.2247401450163324,1,40.30566413925535,-0.18649906231323465,49.0549610595898,17.546848381601357,10.647851186658116,24.637681159420293,1
BUVA,2026-07-16,2026-07-17,1,8.52272727272727,5,1.0,-2.617801047120416,-3.125,1,1,8.52272727272727,850.0,900.0,830.0,880.0,245409900.0,1.3486607333483802,215960712000.0,3.4090909090909087,10.227272727272728,17.045454545454543,0.7142857142755101,55.708497255561404,9.853870011647448,1,28.21308145753072,-0.0320762987565916,82.50899415315462,6.893410264196781,7.2516758074344905,7.954545454545454,2
KLBF,2026-07-16,2026-07-17,1,5.555555555555558,10,1.0,-4.6052631578947345,-4.6052631578947345,1,1,5.555555555555558,705.0,730.0,705.0,720.0,98438200.0,1.1143210876896399,70875504000.0,6.944444444444445,12.5,9.722222222222223,0.599999999976,42.85618879431648,-2.486367747420581,0,26.374672451438656,-0.204736852203555,0.08270744907766181,-2.9976423038059954,-5.428844708069855,3.4722222222222223,1
TLKM,2026-07-16,2026-07-17,1,5.138339920948609,11,0.6,0.0,-0.3745318352059934,1,1,5.138339920948609,2520.0,2560.0,2510.0,2530.0,56858100.0,0.3997237975142198,143850993000.0,2.766798418972332,7.114624505928854,7.114624505928854,0.39999999999200003,49.24245441364603,14.2777198645488,1,22.69851018444597,-0.22485264420848672,-3.34802120709944,1.4841556357801846,-3.503495208499643,1.9762845849802373,1
MINA,2026-07-16,2026-07-17,1,5.109489051094895,12,0.6,-2.083333333333337,-3.424657534246578,1,1,5.109489051094895,272.0,282.0,270.0,274.0,73872000.0,0.9437316364083265,20240928000.0,7.2992700729927,15.328467153284672,12.408759124087592,0.33333333330555553,47.05543286169096,2.526915056240716,1,15.665733238875722,-0.270809144352856,-14.540213458629319,-0.07293946024799003,-7.930107526881727,4.37956204379562,0
GPRA,2026-07-16,2026-07-17,1,4.040404040404044,14,0.6,-1.9417475728155331,-3.809523809523807,1,1,4.040404040404044,100.0,103.0,98.0,99.0,63747400.0,1.9074954162137738,6310992600.0,5.05050505050505,5.05050505050505,8.031293923671507,0.19999999996,45.56704783871591,0.31228933210580234,1,22.89363524272988,-0.06526641814379774,-58.03523379413373,-0.06680001820743708,-3.0624867061477534,5.05050505050505,0
DEWA,2026-07-17,2026-07-20,1,9.340659340659329,3,1.0,-1.5075376884422065,-2.0000000000000018,1,1,9.340659340659329,370.0,374.0,362.0,364.0,371196100.0,0.6188271571750303,135115380400.0,3.8461538461538463,3.8461538461538463,22.52747252747253,0.16666666665277777,57.24036457231813,9.391183113847719,1,22.646684803771336,-0.04177643951209793,183.62951169424198,11.286880325349077,3.5678875339005387,3.296703296703297,0
DEWA,2026-07-16,2026-07-20,2,9.340659340659329,3,1.0,-1.5075376884422065,-2.0000000000000018,1,1,9.340659340659329,362.0,378.0,354.0,370.0,586030100.0,0.9392693238246121,216831137000.0,2.1621621621621623,4.357455799358294,22.162162162162165,0.6666666666388888,59.21413823717496,9.820191769163317,1,22.81028659382734,-0.07625257579493822,176.84278608089082,13.0829142571031,4.363532431876088,6.486486486486487,6
TPIA,2026-07-17,2026-07-20,1,8.997429305912586,4,1.0,-1.8867924528301883,-2.3474178403755874,1,1,8.997429305912586,1935.0,1980.0,1895.0,1945.0,320340100.0,0.8408623043651802,623061494500.0,2.827763496143959,6.940874035989718,11.825192802056556,0.5882352941107266,45.98640228484636,79.05051491320239,1,33.979665834859716,-0.22745232321578646,6.404851759105205,5.692161391115338,-17.088669332089225,4.370179948586118,3
TPIA,2026-07-16,2026-07-20,2,8.997429305912586,4,1.0,-1.8867924528301883,-2.3474178403755874,1,1,8.997429305912586,1925.0,1960.0,1890.0,1930.0,271533700.0,0.6801681447528785,524060041000.0,3.6269430051813467,13.471502590673575,11.917098445595855,0.5714285714204081,45.243731531336465,81.36294355607981,1,35.77012276871416,-0.26957666118076984,-1.0973225474130532,4.550379198266522,-20.707987416084134,3.6269430051813467,2
CTTH,2026-07-17,2026-07-20,1,7.200000000000006,6,1.0,-2.238805970149249,-14.379084967320265,0,1,7.200000000000006,129.0,138.0,123.0,125.0,50987300.0,2.091379544781949,6373412500.0,17.599999999999998,27.200000000000003,33.6,0.13333333332444444,48.54733457375526,3.026016432282029,1,22.00947988662172,0.004239693989019599,74.26385812699527,4.036620890553469,-15.300176175633561,12.0,0
CTTH,2026-07-16,2026-07-20,2,7.200000000000006,6,1.0,-2.238805970149249,-14.379084967320265,0,1,7.200000000000006,111.0,147.0,105.0,137.0,193047300.0,7.537777267573165,26447480100.0,7.2992700729927,18.97810218978102,30.656934306569344,0.7619047618866214,55.516748485736976,2.7696999325989395,1,21.986986753657956,-0.01590224656925875,105.41683596315701,13.269946258784618,-8.12768240343348,30.656934306569344,1
BULL,2026-07-17,2026-07-20,1,7.182320441988943,7,1.0,-1.0309278350515427,-1.538461538461533,1,1,7.182320441988943,366.0,368.0,360.0,362.0,68202300.0,0.440084599216792,24689232600.0,4.972375690607735,8.287292817679557,22.099447513812155,0.24999999996875,52.56816253017024,7.561611962004651,1,23.628991578757216,-0.023050548892781613,248.92885337817523,5.693430656934306,-2.698634555424153,2.209944751381215,0
BULL,2026-07-16,2026-07-20,2,7.182320441988943,7,1.0,-1.0309278350515427,-1.538461538461533,1,1,7.182320441988943,364.0,368.0,354.0,368.0,85122600.0,0.5190036604736885,31325116800.0,3.260869565217391,9.239130434782608,21.73913043478261,0.9999999999285715,54.22537999185928,7.490948810394521,1,24.557347419087435,-0.03668009474334022,324.2950831877844,7.132459970887918,-1.8928285790455937,3.804347826086957,1
BRPT,2026-07-17,2026-07-20,1,6.194690265486735,8,1.0,-1.9444444444444486,-1.9444444444444486,1,1,6.194690265486735,1700.0,1715.0,1660.0,1695.0,140462700.0,0.6715157560905263,238084276500.0,4.71976401179941,4.71976401179941,17.699115044247787,0.6363636363520662,53.46282245529123,35.52558626220837,1,16.55560518778487,-0.1104395928235693,7.263416040509285,8.693326362568863,0.11822459235828837,3.2448377581120944,0
BRPT,2026-07-16,2026-07-20,2,6.194690265486735,8,1.0,-1.9444444444444486,-1.9444444444444486,1,1,6.194690265486735,1695.0,1730.0,1675.0,1695.0,116862400.0,0.5411375189224648,198081768000.0,4.71976401179941,5.783466583363157,17.699115044247787,0.3636363636297521,53.462822455347116,38.10907476479113,1,16.64564092069407,-0.1675973473466645,18.087543746789045,8.682405271814872,-0.5776579387204048,3.2448377581120944,1
BRMS,2026-07-17,2026-07-20,1,5.504587155963292,9,1.0,-3.4782608695652195,-3.4782608695652195,1,1,5.504587155963292,560.0,560.0,535.0,545.0,441276500.0,0.9920556569939462,240495692500.0,10.091743119266056,22.93577981651376,23.486238532110093,0.399999999984,49.078890302293175,11.080702662866553,1,24.69741805286597,-0.2429341032662226,55.83839120057944,3.0927835051546433,-7.799018778548472,4.587155963302752,0
BRMS,2026-07-16,2026-07-20,2,5.504587155963292,9,1.0,-3.4782608695652195,-3.4782608695652195,1,1,5.504587155963292,560.0,580.0,550.0,560.0,338829700.0,0.7431442209135506,189744632000.0,7.142857142857142,22.321428571428573,22.857142857142858,0.3333333333222222,51.61833562061984,11.782176362771747,1,26.489522325399044,-0.2585269039492262,89.73770944915758,4.790419161676651,-6.134763660744221,5.357142857142857,1
IMPC,2026-07-17,2026-07-20,1,4.844290657439454,10,1.0,-0.990099009900991,-1.3157894736842146,1,1,4.844290657439454,1460.0,1460.0,1400.0,1445.0,6132900.0,0.5037347452044623,8862040500.0,10.726643598615917,19.031141868512112,16.608996539792386,0.7499999999875,41.3022312448882,14.614958371125695,1,28.66931976205441,-0.11637582573131983,-2.000697010789865,-1.348352961256187,-13.952242005597567,4.1522491349480966,0
IMPC,2026-07-16,2026-07-20,2,4.844290657439454,10,1.0,-0.990099009900991,-1.3157894736842146,1,1,4.844290657439454,1465.0,1465.0,1420.0,1450.0,5497000.0,0.41293399103293965,7970650000.0,10.344827586206897,18.620689655172416,16.551724137931036,0.6666666666518519,41.69203077328587,14.399105824075704,1,28.89141909644098,-0.04338487826762022,-0.5809911143325012,-1.8280297901150981,-14.504716981132077,3.103448275862069,0
EPAC,2026-07-17,2026-07-20,1,4.4117647058823595,11,0.6,-11.267605633802813,-14.864864864864868,0,1,4.4117647058823595,69.0,75.0,68.0,68.0,2129403100.0,4.489438912875116,144799410800.0,19.11764705882353,25.0,22.058823529411764,0.0,47.49566915916993,-0.4637194352034173,0,37.12887293716791,-0.31614638898022746,-145.19722471387354,-4.628330995792423,-1.0765202211230651,10.294117647058822,0
EPAC,2026-07-16,2026-07-20,2,4.4117647058823595,11,0.6,-11.267605633802813,-14.864864864864868,0,1,4.4117647058823595,69.0,70.0,66.0,70.0,83083900.0,0.21394124333734219,5815873000.0,15.714285714285714,21.428571428571427,21.428571428571427,0.99999999975,50.224819166616456,-0.25432040089995844,0,37.261469908921065,-0.08556665206641381,-28.208245294615097,-1.8232819074333761,1.5081206496519812,5.714285714285714,1
ENRG,2026-07-17,2026-07-20,1,4.395604395604402,12,0.6,0.0,-0.6968641114982632,1,1,4.395604395604402,1400.0,1410.0,1355.0,1365.0,35254500.0,0.44580240512891844,48122392500.0,8.424908424908425,8.424908424908425,28.57142857142857,0.18181818181487605,55.844246728917085,43.50410922484695,1,39.296374139601866,-0.024542926928737906,1287.0774282632738,13.160621761658032,1.4794439075161767,4.029304029304029,0
ENRG,2026-07-16,2026-07-20,2,4.395604395604402,12,0.6,0.0,-0.6968641114982632,1,1,4.395604395604402,1385.0,1415.0,1350.0,1395.0,66441900.0,0.8432998481113683,92686450500.0,6.093189964157706,6.093189964157706,30.107526881720432,0.6923076922970414,58.16401944186754,46.73856137267667,1,40.34998130287126,-0.02905087581918808,889.5449270399331,15.504036431380666,2.9824302377085554,4.659498207885305,1
KIOS,2026-07-16,2026-07-20,2,4.395604395604402,13,0.6,-2.1052631578947323,-8.823529411764708,0,1,4.395604395604402,93.0,96.0,91.0,92.0,38921600.0,0.5410776734282841,3580787200.0,42.391304347826086,42.391304347826086,51.08695652173913,0.19999999996,52.00680588202717,1.0317683874553438,1,36.071886919025815,-0.3481765489869642,-110.85952723999928,2.908277404921694,4.1195110909913994,5.434782608695652,0
AKRA,2026-07-17,2026-07-20,1,4.0590405904058935,14,0.6,-1.773049645390068,-2.8070175438596467,1,1,4.0590405904058935,1370.0,1375.0,1350.0,1355.0,8279200.0,0.5825911556509589,11218316000.0,1.4760147601476015,1.4760147601476015,9.22509225092251,0.199999999992,60.464604298958825,13.940758194037144,1,24.769963795063347,0.1972464067250959,55.192501786516765,4.977726128220027,3.41143249637488,1.8450184501845017,0
AKRA,2026-07-16,2026-07-20,2,4.0590405904058935,14,0.6,-1.773049645390068,-2.8070175438596467,1,1,4.0590405904058935,1350.0,1370.0,1340.0,1370.0,19420100.0,1.3119535103358029,26605537000.0,0.0,0.0,9.854014598540147,0.9999999999666667,64.1033612694072,15.309622640030046,1,25.416118241063696,0.1876208881494267,64.24579125771706,6.677048861203037,4.309425917466111,2.18978102189781,5
MLPT,2026-07-20,2026-07-21,1,25.240847784200394,1,1.0,7.692307692307687,7.692307692307687,1,1,25.240847784200394,1169.0,1169.0,1000.0,1038.0,4710000.0,3.2387828777720453,4888980000.0,13.680154142581888,13.680154142581888,44.701348747591524,0.22485207100458668,67.15190756730789,44.39293129591255,1,22.289763288906208,0.3118689801247427,287.35818476499185,33.35046248715314,36.74087735476221,16.28131021194605,0
MLPT,2026-07-17,2026-07-21,2,25.240847784200394,1,1.0,7.692307692307687,7.692307692307687,1,1,25.240847784200394,1060.0,1180.0,1055.0,1169.0,11345000.0,7.738744884038194,13262305000.0,0.9409751924721984,0.9409751924721984,39.69204448246364,0.911999999992704,81.87034247136673,43.58716754799564,1,19.927420701136718,0.4847606318341964,374.60236018471005,52.91039895356442,54.756546374010426,10.6928999144568,7
MLPT,2026-07-16,2026-07-21,3,25.240847784200394,1,1.0,7.692307692307687,7.692307692307687,1,1,25.240847784200394,900.0,991.0,855.0,991.0,3282500.0,3.3949579831932737,3252957500.0,0.0,0.0,29.36427850655903,0.9999999999926471,74.94013960317427,25.200271328464996,1,16.236794595311782,0.18111967552491035,138.14432989690718,34.15459591173683,32.33872307462416,13.723511604439958,6
ALKA,2026-07-16,2026-07-21,3,24.460431654676263,2,1.0,-7.514450867052025,-7.514450867052025,0,1,24.460431654676263,640.0,740.0,635.0,670.0,2498800.0,7.368265856751077,1674196000.0,10.44776119402985,10.44776119402985,36.417910447761194,0.33333333333015874,66.25521039039663,13.81321392829135,1,16.28971595150551,0.08855523026889628,103.73867890351404,24.593212459321244,20.842652045306963,15.671641791044777,2
DSSA,2026-07-20,2026-07-21,1,15.337423312883436,3,1.0,-9.57446808510638,-13.705583756345174,0,1,15.337423312883436,800.0,820.0,790.0,815.0,268674200.0,0.572942119804084,218969473000.0,1.8404907975460123,11.65644171779141,8.588957055214724,0.8333333333055556,50.99677711888906,3.9914548280776163,1,19.174256466547384,-0.16347548184378996,-9.189960008623686,0.897554936552151,4.747705832455088,3.6809815950920246,1
DSSA,2026-07-17,2026-07-21,2,15.337423312883436,3,1.0,-9.57446808510638,-13.705583756345174,0,1,15.337423312883436,810.0,815.0,795.0,800.0,197502200.0,0.3734967714305876,158001760000.0,3.75,13.750000000000002,8.75,0.2499999999875,48.70208463749408,3.6341719479902324,1,19.669091910841995,-0.16190788303408585,-11.750704301708275,-1.173563928350834,0.9387301907742069,2.5,0
DSSA,2026-07-16,2026-07-21,3,15.337423312883436,3,1.0,-9.57446808510638,-13.705583756345174,0,1,15.337423312883436,800.0,815.0,795.0,810.0,139313700.0,0.20811522504092525,112844097000.0,6.790123456790123,12.345679012345679,12.962962962962962,0.7499999999625,50.15602645996776,4.40531053574434,1,20.201991620082346,-0.008116688386082586,45.757226934843224,-0.24630541871921183,0.47633224173861666,2.4691358024691357,1
BEEF,2026-07-20,2026-07-21,1,13.33333333333333,4,1.0,-3.9215686274509776,-6.9620253164556996,0,1,13.33333333333333,270.0,282.0,264.0,270.0,23637100.0,0.5396753422587043,6382017000.0,8.88888888888889,8.88888888888889,34.074074074074076,0.3333333333148148,74.43858642013771,4.501742616697495,1,45.236208388420266,0.09118428969705233,6.270848294903705,26.70107930549038,49.105367793240546,6.666666666666667,2
BEEF,2026-07-17,2026-07-21,2,13.33333333333333,4,1.0,-3.9215686274509776,-6.9620253164556996,0,1,13.33333333333333,262.0,266.0,252.0,264.0,10425900.0,0.23282091844334074,2752437600.0,11.363636363636363,11.363636363636363,39.39393939393939,0.8571428570816326,73.06532309896215,5.570012770574895,1,44.11297638548564,0.13104423076757218,-0.95051296915308,27.137009390801826,47.02606371129428,5.303030303030303,1
BEEF,2026-07-16,2026-07-21,3,13.33333333333333,4,1.0,-3.9215686274509776,-6.9620253164556996,0,1,13.33333333333333,264.0,278.0,260.0,260.0,15358300.0,0.3408591422337822,3993158000.0,13.076923076923078,13.076923076923078,40.0,0.0,72.13871927754572,7.08181785105451,1,43.29751203265155,0.12079420211428882,-7.8623030012215285,28.553770086526576,45.95262153362525,6.923076923076923,0
COCO,2026-07-20,2026-07-21,1,10.769230769230775,5,1.0,-16.666666666666664,-17.24137931034483,0,1,10.769230769230775,131.0,133.0,128.0,130.0,327570200.0,0.8545895370367921,42584126000.0,66.15384615384615,66.15384615384615,70.0,0.39999999992,40.03403372363098,1.6743855791394644,1,19.111435042566548,-0.19382028074024146,-94.18070544199901,-11.94155616499559,-36.04618554040878,3.8461538461538463,0
COCO,2026-07-17,2026-07-21,2,10.769230769230775,5,1.0,-16.666666666666664,-17.24137931034483,0,1,10.769230769230775,132.0,136.0,128.0,131.0,273326600.0,0.7412387558740741,35805784600.0,64.8854961832061,64.8854961832061,69.46564885496184,0.374999999953125,40.25087348335491,2.06845433234178,1,20.430711254716957,-0.19649464949971335,-67.22310665729748,-12.857930186489053,-37.05303172551423,6.106870229007633,0
COCO,2026-07-16,2026-07-21,3,10.769230769230775,5,1.0,-16.666666666666664,-17.24137931034483,0,1,10.769230769230775,128.0,138.0,125.0,133.0,677402000.0,1.9055766943941401,90094466000.0,62.40601503759399,62.40601503759399,68.42105263157895,0.6153846153372781,40.65987119420973,2.7218082568948354,1,21.851470252417396,-0.19473335350307064,-54.29252811948372,-13.201937680806466,-37.503433442251996,9.774436090225564,1
DEWA,2026-07-20,2026-07-21,1,10.552763819095468,6,1.0,-3.6363636363636376,-5.777777777777782,1,1,10.552763819095468,368.0,400.0,364.0,398.0,983502900.0,1.5708884231111522,391434154200.0,0.5025125628140703,0.5025125628140703,26.13065326633166,0.94444444441821,64.46810651633848,10.855137134604231,1,23.357183460124116,0.055150273616036534,368.41324877341015,20.727968787026228,13.98454929431525,9.045226130653267,1
DEWA,2026-07-17,2026-07-21,2,10.552763819095468,6,1.0,-3.6363636363636376,-5.777777777777782,1,1,10.552763819095468,370.0,374.0,362.0,364.0,371196100.0,0.6188271571750303,135115380400.0,3.8461538461538463,3.8461538461538463,22.52747252747253,0.16666666665277777,57.24036457231813,9.391183113847719,1,22.646684803771336,-0.04177643951209793,183.62951169424198,11.286880325349077,3.5678875339005387,3.296703296703297,0
DEWA,2026-07-16,2026-07-21,3,10.552763819095468,6,1.0,-3.6363636363636376,-5.777777777777782,1,1,10.552763819095468,362.0,378.0,354.0,370.0,586030100.0,0.9392693238246121,216831137000.0,2.1621621621621623,4.357455799358294,22.162162162162165,0.6666666666388888,59.21413823717496,9.820191769163317,1,22.81028659382734,-0.07625257579493822,176.84278608089082,13.0829142571031,4.363532431876088,6.486486486486487,6
SINI,2026-07-20,2026-07-21,1,10.000000000000009,7,1.0,-1.9762845849802368,-1.9762845849802368,1,1,10.000000000000009,6350.0,6350.0,5600.0,5750.0,11350600.0,4.754773776157124,65265950000.0,40.869565217391305,77.82608695652173,45.21739130434783,0.19999999999973334,34.02113529925097,-7.297692960567247,0,28.747367145522887,0.016471767991796987,-199.0473911806569,-20.31520802727921,-37.92422448458482,13.043478260869565,0
SINI,2026-07-17,2026-07-21,2,10.000000000000009,7,1.0,-1.9762845849802368,-1.9762845849802368,1,1,10.000000000000009,5650.0,6150.0,5500.0,6150.0,10463100.0,5.683144450566767,64348065000.0,31.70731707317073,66.66666666666666,42.27642276422765,0.9999999999984616,36.162733839456585,26.153283733067383,1,28.454018755663714,0.1971351339707573,-122.80728934576915,-17.11234498601188,-34.684757719312955,10.569105691056912,1
SINI,2026-07-16,2026-07-21,3,10.000000000000009,7,1.0,-1.9762845849802368,-1.9762845849802368,1,1,10.000000000000009,6550.0,6550.0,5975.0,5975.0,6851900.0,5.126611456026409,40940102500.0,35.56485355648535,75.73221757322176,35.56485355648535,0.0,34.4873758156089,49.482019580098154,1,27.80582016253313,-0.13380057531488612,-755.5072752335038,-21.70025370313079,-37.505704223433426,9.623430962343097,0
TRIN,2026-07-20,2026-07-21,1,9.259259259259256,8,1.0,-6.214689265536721,-8.791208791208794,0,1,9.259259259259256,320.0,328.0,314.0,324.0,3765400.0,0.8359697439961989,1219989600.0,11.728395061728394,20.98765432098765,22.22222222222222,0.7142857142346939,37.93739443307667,4.792968466142348,1,35.14125819700242,-0.06505084336973378,25.462301718674624,-3.771903771903769,-23.266388783630166,4.320987654320987,1
TRIN,2026-07-17,2026-07-21,2,9.259259259259256,8,1.0,-6.214689265536721,-8.791208791208794,0,1,9.259259259259256,332.0,332.0,318.0,320.0,3408400.0,0.7363479440631352,1090688000.0,13.125,26.25,22.5,0.14285714284693876,36.47595673098811,4.52118822974235,1,35.568746336554625,-0.11274517415084359,21.075670133969197,-5.688181550250519,-25.366172217557608,4.375,0
TRIN,2026-07-16,2026-07-21,3,9.259259259259256,8,1.0,-6.214689265536721,-8.791208791208794,0,1,9.259259259259256,326.0,348.0,314.0,330.0,10147100.0,2.1102861658763827,3348543000.0,9.696969696969697,35.75757575757576,21.818181818181817,0.4705882352802769,38.58519851896461,4.619155492353798,1,36.17011806382018,-0.14192401241530864,30.891246501019452,-3.7620297462817085,-24.235466985030765,10.303030303030303,2
PSKT,2026-07-20,2026-07-21,1,9.090909090909083,9,1.0,-5.555555555555558,-8.92857142857143,0,1,9.090909090909083,199.0,202.0,195.0,198.0,7458200.0,1.1010111522736716,1476723600.0,2.0202020202020203,6.0606060606060606,8.080808080808081,0.4285714285102041,53.582531903740026,2.4856292244661917,1,18.311854491075923,-0.07529417804361382,58.44356958993488,4.761904761904762,-1.2271774917689355,3.535353535353535,0
PSKT,2026-07-17,2026-07-21,2,9.090909090909083,9,1.0,-5.555555555555558,-8.92857142857143,0,1,9.090909090909083,193.0,200.0,193.0,199.0,6974900.0,1.029382464974667,1388005100.0,2.512562814070352,5.527638190954774,10.552763819095476,0.8571428570204082,54.39731463377675,2.505681912958117,1,17.896315051831138,-0.10059690526287036,202.57313889192216,5.4583995760466415,-1.3190518694832871,3.5175879396984926,1
PTRO,2026-07-20,2026-07-21,1,8.495145631067968,10,1.0,0.22371364653244186,0.22371364653244186,1,1,8.495145631067968,4080.0,4150.0,4070.0,4120.0,20205700.0,0.8036034230211976,83247484000.0,1.2135922330097086,8.009708737864079,8.25242718446602,0.6249999999921875,52.74360126100644,48.56863889809168,1,11.340205085256601,-0.11130659472413984,1.9309725574458345,4.581799720776749,-0.4398047460248374,1.9417475728155338,1
PTRO,2026-07-17,2026-07-21,2,8.495145631067968,10,1.0,0.22371364653244186,0.22371364653244186,1,1,8.495145631067968,4110.0,4140.0,4050.0,4070.0,20742300.0,0.8234272011680731,84421161000.0,2.457002457002457,9.336609336609335,8.353808353808354,0.22222222221975307,51.143957988904525,44.86195885448788,1,11.044584396866247,-0.16307409161139336,1.2692654446692835,3.4176089442256385,-2.2879504477468653,2.211302211302211,0
PTRO,2026-07-16,2026-07-21,3,8.495145631067968,10,1.0,0.22371364653244186,0.22371364653244186,1,1,8.495145631067968,4000.0,4170.0,3940.0,4080.0,34692900.0,1.3722621327656463,141547032000.0,2.2058823529411766,9.068627450980392,8.333333333333332,0.6086956521712665,51.46750766668423,41.74608171998523,1,10.773947786676997,-0.18432994184213236,3.078647504066599,3.4220532319391634,-2.7853892158497855,5.637254901960785,2
TEBE,2026-07-20,2026-07-21,1,8.292682926829276,11,0.6,-6.3063063063063085,-9.170305676855895,0,1,8.292682926829276,1020.0,1030.0,1010.0,1025.0,1027000.0,2.0088019559902164,1052675000.0,0.4878048780487805,2.4390243902439024,4.878048780487805,0.7499999999625,52.5178981058298,5.400530282778364,1,17.402794258636874,0.07458829032050243,18.767855565045796,2.3464802795806294,-0.029259728859841468,1.951219512195122,1
BUVA,2026-07-20,2026-07-21,1,8.02139037433156,12,0.6,-17.32673267326733,-17.733990147783253,0,1,8.02139037433156,970.0,995.0,930.0,935.0,350343200.0,1.676647904452138,327570892000.0,6.417112299465241,6.417112299465241,19.786096256684495,0.07692307692189349,59.35527005285916,15.218353599124987,1,30.516227603110206,0.011244304368658146,164.52640817420064,12.447384245339748,14.76617159690683,6.951871657754011,0
BUVA,2026-07-17,2026-07-21,2,8.02139037433156,12,0.6,-17.32673267326733,-17.733990147783253,0,1,8.02139037433156,880.0,960.0,870.0,955.0,575737700.0,2.9031205090016434,549829503500.0,0.5235602094240838,1.5706806282722512,20.94240837696335,0.9444444444339506,61.63676998794241,14.447386130732482,1,29.23646065501113,0.09959596881760852,234.88187993130475,15.407854984894259,16.80528375733855,9.424083769633508,3
BUVA,2026-07-16,2026-07-21,3,8.02139037433156,12,0.6,-17.32673267326733,-17.733990147783253,0,1,8.02139037433156,850.0,900.0,830.0,880.0,245409900.0,1.3486607333483802,215960712000.0,3.4090909090909087,10.227272727272728,17.045454545454543,0.7142857142755101,55.708497255561404,9.853870011647448,1,28.21308145753072,-0.0320762987565916,82.50899415315462,6.893410264196781,7.2516758074344905,7.954545454545454,2
BRMS,2026-07-20,2026-07-21,1,7.826086956521738,13,0.6,-7.258064516129037,-7.258064516129037,0,1,7.826086956521738,540.0,575.0,540.0,575.0,564581800.0,1.2253423242270238,324634535000.0,4.3478260869565215,11.304347826086957,22.26086956521739,0.9999999999714286,53.95762564156958,12.197373218554741,1,23.21361844674185,-0.1625953090793458,94.49562707712963,9.388376296014462,-1.8603857313534695,6.086956521739131,1
BRMS,2026-07-17,2026-07-21,2,7.826086956521738,13,0.6,-7.258064516129037,-7.258064516129037,0,1,7.826086956521738,560.0,560.0,535.0,545.0,441276500.0,0.9920556569939462,240495692500.0,10.091743119266056,22.93577981651376,23.486238532110093,0.399999999984,49.078890302293175,11.080702662866553,1,24.69741805286597,-0.2429341032662226,55.83839120057944,3.0927835051546433,-7.799018778548472,4.587155963302752,0
BRMS,2026-07-16,2026-07-21,3,7.826086956521738,13,0.6,-7.258064516129037,-7.258064516129037,0,1,7.826086956521738,560.0,580.0,550.0,560.0,338829700.0,0.7431442209135506,189744632000.0,7.142857142857142,22.321428571428573,22.857142857142858,0.3333333333222222,51.61833562061984,11.782176362771747,1,26.489522325399044,-0.2585269039492262,89.73770944915758,4.790419161676651,-6.134763660744221,5.357142857142857,1
MBSS,2026-07-20,2026-07-21,1,7.78210116731517,14,0.6,-6.859205776173283,-12.542372881355934,0,1,7.78210116731517,2570.0,2610.0,2560.0,2570.0,473300.0,0.45434909907747795,1216381000.0,4.280155642023346,7.392996108949417,10.505836575875486,0.19999999999600002,53.4072399736873,-10.429940644703272,0,12.86404134971494,-0.04059658729049863,0.12069408994677586,-0.058331713007972,5.358094535317502,1.9455252918287937,1
MBSS,2026-07-17,2026-07-21,2,7.78210116731517,14,0.6,-6.859205776173283,-12.542372881355934,0,1,7.78210116731517,2630.0,2630.0,2560.0,2560.0,755000.0,0.7104779022551786,1932800000.0,5.078125,7.8125,10.9375,0.0,52.56124317432118,-11.557656413613081,0,13.52731643984671,-0.054426877344073823,-9.243980134939948,-0.5052467936261174,5.103255737570316,2.734375,0
MBSS,2026-07-16,2026-07-21,3,7.78210116731517,14,0.6,-6.859205776173283,-12.542372881355934,0,1,7.78210116731517,2520.0,2670.0,2500.0,2620.0,684200.0,0.6457245053487917,1792604000.0,3.435114503816794,5.343511450381679,11.450381679389313,0.7058823529370243,58.476873008696664,-11.948865968692012,0,14.241612690757846,-0.022593524668203975,5.694386735521655,1.7080745341614907,7.743553892338702,6.488549618320611,1
BKDP,2026-07-20,2026-07-21,1,6.896551724137923,15,0.6,-4.516129032258065,-6.91823899371069,0,1,6.896551724137923,151.0,151.0,142.0,145.0,18716700.0,0.8556012103954677,2713921500.0,18.620689655172416,18.620689655172416,65.51724137931035,0.3333333332962963,62.39908396244385,5.856263264574235,1,50.75236541663836,0.2712782273802542,42.89206914050437,23.72013651877133,23.048200950441274,6.206896551724138,0
BKDP,2026-07-17,2026-07-21,2,6.896551724137923,15,0.6,-4.516129032258065,-6.91823899371069,0,1,6.896551724137923,164.0,164.0,148.0,151.0,19371300.0,0.9251009806271926,2925066300.0,13.90728476821192,13.90728476821192,63.576158940397356,0.18749999998828126,66.25186745105673,6.403918184031364,1,51.896355213556774,0.2982995190290078,368.5953248906639,29.94836488812392,29.258688580722485,10.596026490066226,0
BKDP,2026-07-16,2026-07-21,3,6.896551724137923,15,0.6,-4.516129032258065,-6.91823899371069,0,1,6.896551724137923,147.0,162.0,138.0,156.0,44317100.0,2.2190620994993013,6913467600.0,10.256410256410255,10.256410256410255,61.53846153846154,0.74999999996875,69.57609312086652,6.120001176952856,1,52.50737537818464,0.34307801508095165,2393.9375335074274,35.77023498694516,34.854771784232355,15.384615384615385,1
MLPL,2026-07-20,2026-07-21,1,6.818181818181812,16,0.6,-1.0638297872340385,-5.102040816326525,1,1,6.818181818181812,90.0,91.0,88.0,88.0,19828500.0,0.9812861066248256,1744908000.0,7.954545454545454,7.954545454545454,17.045454545454543,0.0,59.93926770493915,1.3338755801681328,1,26.62472688338908,-0.05951795391379037,22.398542322345534,7.777097366809546,5.011933174224347,3.4090909090909087,0
MLPL,2026-07-17,2026-07-21,2,6.818181818181812,16,0.6,-1.0638297872340385,-5.102040816326525,1,1,6.818181818181812,91.0,95.0,89.0,90.0,75039000.0,3.7601734994432823,6753510000.0,5.555555555555555,5.555555555555555,16.666666666666664,0.16666666663888888,65.20871558161089,1.4122245745886288,1,25.742055390763287,-0.003158165218454727,29.01503212827602,10.633066994468354,6.96458283812693,6.666666666666667,0
MLPL,2026-07-16,2026-07-21,3,6.818181818181812,16,0.6,-1.0638297872340385,-5.102040816326525,1,1,6.818181818181812,83.0,94.0,82.0,91.0,147603300.0,8.928609019145267,13431900300.0,3.296703296703297,3.296703296703297,15.384615384615385,0.7499999999375,67.98358842021742,1.2226386523968387,1,24.333630956817622,0.14089535130288833,62.3136592000206,12.415071031500922,7.768829938417815,13.186813186813188,1
TPIA,2026-07-20,2026-07-21,1,6.132075471698117,17,0.6,-11.111111111111116,-13.043478260869568,0,1,6.132075471698117,1955.0,2130.0,1955.0,2120.0,805070400.0,2.025240949266415,1706749248000.0,0.4716981132075472,0.4716981132075472,16.9811320754717,0.9428571428517551,53.85068642312304,86.54150073918345,1,32.04620504766341,-0.06866892149028576,16.287725616566913,14.610082443573456,-6.779324290691326,8.254716981132075,4
TPIA,2026-07-17,2026-07-21,2,6.132075471698117,17,0.6,-11.111111111111116,-13.043478260869568,0,1,6.132075471698117,1935.0,1980.0,1895.0,1945.0,320340100.0,0.8408623043651802,623061494500.0,2.827763496143959,6.940874035989718,11.825192802056556,0.5882352941107266,45.98640228484636,79.05051491320239,1,33.979665834859716,-0.22745232321578646,6.404851759105205,5.692161391115338,-17.088669332089225,4.370179948586118,3
TPIA,2026-07-16,2026-07-21,3,6.132075471698117,17,0.6,-11.111111111111116,-13.043478260869568,0,1,6.132075471698117,1925.0,1960.0,1890.0,1930.0,271533700.0,0.6801681447528785,524060041000.0,3.6269430051813467,13.471502590673575,11.917098445595855,0.5714285714204081,45.243731531336465,81.36294355607981,1,35.77012276871416,-0.26957666118076984,-1.0973225474130532,4.550379198266522,-20.707987416084134,3.6269430051813467,2
PANI,2026-07-20,2026-07-21,1,6.0975609756097615,18,0.6,-7.279693486590033,-7.279693486590033,0,1,6.0975609756097615,6250.0,6400.0,6100.0,6150.0,5706400.0,1.406920696754151,35094360000.0,4.0650406504065035,10.16260162601626,10.569105691056912,0.16666666666611113,45.85166724524427,81.09747818850155,1,28.989200256720032,-0.15614406328055733,-17.002521860048553,1.192924722336487,-9.622542025474907,4.878048780487805,0
PANI,2026-07-17,2026-07-21,2,6.0975609756097615,18,0.6,-7.279693486590033,-7.279693486590033,0,1,6.0975609756097615,6150.0,6225.0,5950.0,6200.0,5498700.0,1.378218744947947,34091940000.0,0.8064516129032258,12.903225806451612,8.064516129032258,0.9090909090876034,47.18312489423421,78.41341380288668,1,30.71783957187553,-0.15865114345165948,7.580678035192608,1.5977058582548138,-9.702068683108639,4.435483870967742,1
PANI,2026-07-16,2026-07-21,3,6.0975609756097615,18,0.6,-7.279693486590033,-7.279693486590033,0,1,6.0975609756097615,6150.0,6225.0,6025.0,6100.0,6648500.0,1.7059749537165925,40555850000.0,2.459016393442623,14.754098360655737,8.19672131147541,0.374999999998125,44.17243354676676,66.75038536970465,1,31.73785886963208,-0.19673614800876574,-1.7128630790857178,-0.48939641109298526,-11.786396589030316,3.278688524590164,0
MINA,2026-07-20,2026-07-21,1,5.594405594405605,20,0.6,-10.596026490066224,-11.184210526315786,0,1,5.594405594405605,288.0,294.0,282.0,286.0,100219300.0,1.2163833981804613,28662719800.0,2.797202797202797,7.6923076923076925,9.79020979020979,0.33333333330555553,51.65923932666082,3.609791569714994,1,14.547310374902198,-0.09210579559562655,20.18936984024422,4.53216374269005,-2.4689673987177767,4.195804195804196,0
MINA,2026-07-17,2026-07-21,2,5.594405594405605,20,0.6,-10.596026490066224,-11.184210526315786,0,1,5.594405594405605,276.0,292.0,272.0,288.0,220457500.0,2.697475697696493,63491760000.0,2.083333333333333,6.944444444444445,11.805555555555555,0.79999999996,52.472384760913926,3.3309703929249554,1,15.01541573191585,-0.10433033550498691,60.417483042768936,5.224698575082211,-2.5578562728380034,6.944444444444445,1
MINA,2026-07-16,2026-07-21,3,5.594405594405605,20,0.6,-10.596026490066224,-11.184210526315786,0,1,5.594405594405605,272.0,282.0,270.0,274.0,73872000.0,0.9437316364083265,20240928000.0,7.2992700729927,15.328467153284672,12.408759124087592,0.33333333330555553,47.05543286169096,2.526915056240716,1,15.665733238875722,-0.270809144352856,-14.540213458629319,-0.07293946024799003,-7.930107526881727,4.37956204379562,0
SMRA,2026-07-20,2026-07-21,1,5.228758169934644,21,0.35,-0.6211180124223614,-1.2345679012345734,1,1,5.228758169934644,302.0,310.0,302.0,306.0,12605900.0,0.9819269788252302,3857405400.0,1.3071895424836601,1.3071895424836601,11.11111111111111,0.4999999999375,65.74573490041274,3.336290447082994,1,26.1064529470882,-0.1074826849668827,36.91691624726834,7.708553326293551,6.089163667350719,2.6143790849673203,3
SMRA,2026-07-17,2026-07-21,2,5.228758169934644,21,0.35,-0.6211180124223614,-1.2345679012345734,1,1,5.228758169934644,300.0,304.0,296.0,302.0,7343800.0,0.5468832613717433,2217827600.0,0.6622516556291391,0.6622516556291391,9.271523178807946,0.74999999990625,63.35954612373157,2.8915127424859763,1,25.20678207941693,-0.048207546588704034,26.1052732693172,6.581965766719596,4.583017799294008,2.6490066225165565,2
SMRA,2026-07-16,2026-07-21,3,5.228758169934644,21,0.35,-0.6211180124223614,-1.2345679012345734,1,1,5.228758169934644,290.0,300.0,290.0,298.0,12247300.0,0.6724240686452005,3649695400.0,0.6711409395973155,1.6098310178596413,9.395973154362416,0.79999999992,60.82553488797792,2.3638746208523593,1,24.814193784778073,-0.3285080951993023,19.806750855092304,5.41146779071581,3.0938435132052793,3.3557046979865772,1
KOTA,2026-07-20,2026-07-21,1,5.102040816326525,23,0.35,-4.854368932038833,-9.259259259259256,0,1,5.102040816326525,96.0,101.0,94.0,98.0,231619000.0,1.5549009380768197,22698662000.0,3.061224489795918,5.1020408163265305,15.306122448979592,0.5714285713469388,51.666461910604404,1.744957817347938,1,15.651804576088002,0.029200169102819806,8.700468217019269,6.175514626218854,-4.632152588555863,7.142857142857142,1
KOTA,2026-07-17,2026-07-21,2,5.102040816326525,23,0.35,-4.854368932038833,-9.259259259259256,0,1,5.102040816326525,95.0,98.0,94.0,95.0,92136600.0,0.5401107244395433,8752977000.0,6.315789473684211,21.052631578947366,15.789473684210526,0.2499999999375,48.7603434603061,1.6443694647323923,1,16.091267776739752,-0.10586993191521094,0.7064566783781393,2.7027027027027026,-8.70651547184317,4.2105263157894735,0
KOTA,2026-07-16,2026-07-21,3,5.102040816326525,23,0.35,-4.854368932038833,-9.259259259259256,0,1,5.102040816326525,92.0,96.0,91.0,95.0,103755300.0,0.5668281985328122,9856753500.0,6.315789473684211,21.052631578947366,17.894736842105264,0.79999999984,48.76034346121356,1.7105299220732064,1,17.100854829932832,-0.06277563190733346,-2.5374557548473664,2.4258760107816713,-9.884272434073232,5.263157894736842,1
RAJA,2026-07-20,2026-07-21,1,4.918032786885251,24,0.35,-9.375,-9.84455958549223,0,1,4.918032786885251,885.0,915.0,870.0,915.0,199158300.0,1.0404539481439825,182229844500.0,4.043715846994536,4.043715846994536,18.360655737704917,0.9999999999777779,62.10014012888366,8.742714419230282,1,27.746332181667203,-0.015948287003093704,156.1090895142627,11.239199785294433,20.53381443944308,4.918032786885246,2
RAJA,2026-07-17,2026-07-21,2,4.918032786885251,24,0.35,-9.375,-9.84455958549223,0,1,4.918032786885251,875.0,915.0,875.0,885.0,141368800.0,0.7642187753610467,125111388000.0,7.5706214689265545,7.5706214689265545,18.983050847457626,0.24999999999375003,59.19938836140214,9.301837077335783,1,28.011536080292792,-0.07900225396549797,412.4306908245573,8.745745875727074,16.832700604492295,4.519774011299435,1
RAJA,2026-07-16,2026-07-21,3,4.918032786885251,24,0.35,-9.375,-9.84455958549223,0,1,4.918032786885251,915.0,935.0,870.0,875.0,239714200.0,1.320523781144605,209749925000.0,8.799999999999999,8.799999999999999,19.428571428571427,0.07692307692189349,58.209363714156886,12.002335852029564,1,28.15112743717634,-0.07809825303191717,81.8137633781587,8.36060331670673,15.70007035251892,7.428571428571429,0
NRCA,2026-07-20,2026-07-21,1,4.90196078431373,25,0.35,-8.785046728971968,-9.629629629629633,0,1,4.90196078431373,510.0,525.0,505.0,510.0,5310500.0,1.0387245428868737,2708355000.0,5.88235294117647,5.88235294117647,25.098039215686274,0.2499999999875,65.40683387963551,11.171021898016274,1,34.5080143055371,-0.05028931054946393,194.81840092796463,14.877801554229084,13.998133033361704,3.9215686274509802,1
NRCA,2026-07-17,2026-07-21,2,4.90196078431373,25,0.35,-8.785046728971968,-9.629629629629633,0,1,4.90196078431373,515.0,520.0,490.0,500.0,8276100.0,1.6604337620127196,4138050000.0,8.0,8.0,25.6,0.3333333333222222,63.529925003294935,10.737708938422616,1,33.53144615645808,-0.03746844483889617,134.54379788776146,13.417262107292723,11.545902144306714,6.0,0
NRCA,2026-07-16,2026-07-21,3,4.90196078431373,25,0.35,-8.785046728971968,-9.629629629629633,0,1,4.90196078431373,462.0,540.0,458.0,515.0,31091700.0,6.581472759505727,16012225500.0,4.854368932038835,4.854368932038835,24.854368932038835,0.695121951211035,68.7234781857307,10.17565047340492,1,32.599533707882095,-0.03562754364214954,141.34865179611216,17.298713130622932,14.57196247302758,15.922330097087379,2
SSIA,2026-07-20,2026-07-21,1,4.885057471264376,26,0.35,-9.589041095890416,-11.528150134048254,0,1,4.885057471264376,1740.0,1765.0,1715.0,1740.0,23201300.0,1.6130149105139735,40370262000.0,5.172413793103448,5.172413793103448,21.551724137931032,0.49999999999000005,65.99601387842972,35.22566951524813,1,25.31707616708919,0.0921575466289649,30.282975002779715,12.370776893954503,9.078497945629676,2.8735632183908044,0
SSIA,2026-07-17,2026-07-21,2,4.885057471264376,26,0.35,-9.589041095890416,-11.528150134048254,0,1,4.885057471264376,1800.0,1805.0,1705.0,1750.0,35795700.0,2.629935716796838,62642475000.0,4.571428571428571,4.571428571428571,21.428571428571427,0.4499999999955,67.27202418889149,32.20931544084725,1,23.983818329942736,0.07332477133959908,51.306747673850175,13.586384719525377,9.631244633089452,5.714285714285714,0
SSIA,2026-07-16,2026-07-21,3,4.885057471264376,26,0.35,-9.589041095890416,-11.528150134048254,0,1,4.885057471264376,1545.0,1830.0,1545.0,1780.0,89165100.0,7.075174587959718,158713878000.0,2.8089887640449436,2.8089887640449436,21.06741573033708,0.8245614035058788,71.10161633003793,23.992332185108133,1,22.548002197631167,0.03138592519659281,80.56914849264183,16.119147883250537,11.442327119168585,16.01123595505618,2
MNCN,2026-07-20,2026-07-21,1,4.716981132075482,27,0.35,-8.108108108108103,-8.108108108108103,0,1,4.716981132075482,210.0,212.0,208.0,212.0,33713200.0,1.546989060829077,7147198400.0,0.0,0.0,6.132075471698113,0.99999999975,57.27083362481412,1.4530701201232334,1,18.47229105040614,0.33469804336722925,26.378843268527074,3.870651641352281,1.864309052469727,1.8867924528301887,1
MNCN,2026-07-17,2026-07-21,2,4.716981132075482,27,0.35,-8.108108108108103,-8.108108108108103,0,1,4.716981132075482,212.0,212.0,208.0,210.0,32543700.0,1.59371694417238,6834177000.0,0.9523809523809524,0.9523809523809524,6.190476190476191,0.499999999875,54.87518790232118,1.2883735420954157,1,18.12538465450876,0.2746494857710146,-11.637712313337126,2.9916625796959266,0.7097640514099317,1.9047619047619049,0
MNCN,2026-07-16,2026-07-21,3,4.716981132075482,27,0.35,-8.108108108108103,-8.108108108108103,0,1,4.716981132075482,204.0,212.0,202.0,212.0,42447300.0,2.056507904977962,8998827600.0,0.0,1.8867924528301887,6.132075471698113,0.9999999999,57.88895143494108,1.1478684205515735,1,17.75179315123466,0.18219941642210635,11.046009122642667,4.02355250245338,1.4354066985645932,4.716981132075472,1
LAPD,2026-07-20,2026-07-21,1,4.4117647058823595,29,0.35,-14.084507042253524,-14.084507042253524,0,1,4.4117647058823595,68.0,69.0,67.0,68.0,15867400.0,0.361099748246974,1078983200.0,23.52941176470588,23.52941176470588,29.411764705882355,0.49999999975,54.761223571419386,0.9029142767500083,1,36.93415605051656,-0.1526735724078037,8.543117050220859,7.850911974623321,1.7659383418138386,2.941176470588235,0
LAPD,2026-07-16,2026-07-21,3,4.4117647058823595,29,0.35,-14.084507042253524,-14.084507042253524,0,1,4.4117647058823595,66.0,69.0,64.0,66.0,19562600.0,0.44596707622857745,1291131600.0,27.27272727272727,27.27272727272727,42.42424242424242,0.39999999992,51.86675217076979,0.9535104508203978,1,34.83077048691965,-0.18143285346767696,31.809403273764296,5.515587529976024,-2.3668639053254354,7.575757575757576,0
BKSL,2026-07-20,2026-07-21,1,4.347826086956519,30,0.35,-6.944444444444442,-6.944444444444442,0,1,4.347826086956519,68.0,69.0,67.0,69.0,181113000.0,1.208600157767388,12496797000.0,0.0,0.0,13.043478260869565,0.9999999995,56.28343355169265,1.6348306576682408,1,26.872319199709832,0.0819855672399272,18.05974222100471,10.48839071257005,-2.7621195039458764,2.898550724637681,2
BKSL,2026-07-17,2026-07-21,2,4.347826086956519,30,0.35,-6.944444444444442,-6.944444444444442,0,1,4.347826086956519,66.0,68.0,64.0,67.0,139037700.0,0.9550478848969668,9315525900.0,1.4925373134328357,1.4925373134328357,11.940298507462686,0.7499999998125,52.671918943337104,1.5036123412685107,1,27.54753303649324,-0.010673429692971942,15.43592174283816,7.717041800643082,-6.607192640089204,5.970149253731343,1
BKSL,2026-07-16,2026-07-21,3,4.347826086956519,30,0.35,-6.944444444444442,-6.944444444444442,0,1,4.347826086956519,65.0,67.0,63.0,65.0,150203600.0,1.051446050175175,9763234000.0,4.615384615384616,6.153846153846154,12.307692307692308,0.499999999875,48.73967940146135,1.41826907687381,1,28.59209378155203,-0.025352455243301816,11.75938996697968,4.417670682730924,-10.542251582714005,6.153846153846154,0
MLPT,2026-07-21,2026-07-22,1,25.0,2,1.0,-3.6923076923076947,-3.6923076923076947,1,1,25.0,1120.0,1300.0,1075.0,1300.0,19858900.0,8.414538551822613,25816570000.0,0.0,0.0,44.92307692307692,0.9999999999955556,76.32079773747016,59.11610375678261,1,25.10601773980636,0.6205149164833599,787.4433734939757,61.23031129852413,69.26201760324983,17.307692307692307,1
MLPT,2026-07-20,2026-07-22,2,25.0,2,1.0,-3.6923076923076947,-3.6923076923076947,1,1,25.0,1169.0,1169.0,1000.0,1038.0,4710000.0,3.2387828777720453,4888980000.0,13.680154142581888,13.680154142581888,44.701348747591524,0.22485207100458668,67.15190756730789,44.39293129591255,1,22.289763288906208,0.3118689801247427,287.35818476499185,33.35046248715314,36.74087735476221,16.28131021194605,0
MLPT,2026-07-17,2026-07-22,3,25.0,2,1.0,-3.6923076923076947,-3.6923076923076947,1,1,25.0,1060.0,1180.0,1055.0,1169.0,11345000.0,7.738744884038194,13262305000.0,0.9409751924721984,0.9409751924721984,39.69204448246364,0.911999999992704,81.87034247136673,43.58716754799564,1,19.927420701136718,0.4847606318341964,374.60236018471005,52.91039895356442,54.756546374010426,10.6928999144568,7
ALKA,2026-07-21,2026-07-22,1,10.982658959537561,3,1.0,0.0,-7.692307692307687,0,1,10.982658959537561,700.0,865.0,675.0,865.0,2092900.0,4.195575691360863,1810358500.0,0.0,0.0,42.42774566473989,0.9999999999947369,76.0274407856829,33.891875387047186,1,22.04228215339106,0.34165903182255103,186.3527833668678,52.355790400704535,54.0955570598924,21.965317919075144,1
BELL,2026-07-21,2026-07-22,1,9.482758620689658,4,1.0,-11.811023622047244,-19.424460431654676,0,1,9.482758620689658,115.0,117.0,111.0,116.0,23108700.0,0.520328399504996,2680609200.0,4.310344827586207,11.206896551724139,14.655172413793101,0.8333333331944445,57.52427957950376,1.6507921868658348,1,27.362898880812683,-0.006495502453483065,22.991179261901966,10.634239389604202,8.269553854769459,5.172413793103448,2
BELL,2026-07-20,2026-07-22,2,9.482758620689658,4,1.0,-11.811023622047244,-19.424460431654676,0,1,9.482758620689658,113.0,117.0,113.0,115.0,19918400.0,0.456188004864564,2290616000.0,6.956521739130435,12.173913043478262,16.52173913043478,0.499999999875,56.73101628045202,1.80163823093502,1,27.310317048807736,-0.024248768306016792,26.20854167272808,10.470701248799237,6.897192786763341,3.4782608695652173,1
BELL,2026-07-17,2026-07-22,3,9.482758620689658,4,1.0,-11.811023622047244,-19.424460431654676,0,1,9.482758620689658,115.0,117.0,111.0,113.0,17702900.0,0.4077145848205089,2000427700.0,14.15929203539823,14.15929203539823,30.08849557522124,0.33333333327777775,55.1763798149606,1.9822262323009303,1,26.864153232513782,-0.028720294443578293,19.30947700057774,9.178743961352657,4.397634885439769,5.3097345132743365,0
ERAA,2026-07-21,2026-07-22,1,8.743169398907114,5,1.0,-2.5125628140703515,-5.36585365853659,1,1,8.743169398907114,368.0,372.0,366.0,366.0,26571400.0,0.7362382038729298,9725132400.0,1.639344262295082,1.639344262295082,9.836065573770492,0.0,63.88257861769069,3.3132348871191413,1,25.230888151345937,-0.023180772395585435,2.0964549908732826,5.821962599971036,6.111328516967249,1.639344262295082,0
ERAA,2026-07-20,2026-07-22,2,8.743169398907114,5,1.0,-2.5125628140703515,-5.36585365853659,1,1,8.743169398907114,368.0,372.0,366.0,366.0,25804700.0,0.7229999593736822,9444520200.0,1.639344262295082,1.639344262295082,9.836065573770492,0.0,63.882578618686544,3.5727003285419405,1,24.265737989165604,0.03981135913542652,14.880917578626807,6.119734071366062,6.035901156783158,1.639344262295082,0
ERAA,2026-07-17,2026-07-22,3,8.743169398907114,5,1.0,-2.5125628140703515,-5.36585365853659,1,1,8.743169398907114,360.0,368.0,356.0,368.0,24004000.0,0.6678790360995241,8833472000.0,0.0,0.0,8.695652173913043,0.9999999999166667,65.78715454125674,3.6599690173756003,1,23.226345506817555,0.07543405432934247,33.02639692143169,7.00071167142107,6.516615552849577,3.260869565217391,1
YELO,2026-07-21,2026-07-22,1,7.8947368421052655,6,1.0,-8.536585365853655,-17.582417582417587,0,1,7.8947368421052655,75.0,79.0,74.0,76.0,63445200.0,1.2954870046901403,4821835200.0,5.263157894736842,5.263157894736842,15.789473684210526,0.39999999992,53.92303958400825,0.9872957121781869,1,24.323898479603223,-0.13637769263962773,22.915889273883412,6.293706293706294,0.2374043787918845,6.578947368421052,2
YELO,2026-07-20,2026-07-22,2,7.8947368421052655,6,1.0,-8.536585365853655,-17.582417582417587,0,1,7.8947368421052655,75.0,77.0,74.0,75.0,22074900.0,0.424992236516615,1655617500.0,6.666666666666667,10.666666666666668,16.0,0.3333333332222222,52.329812879330824,0.9972852469503448,1,23.14444339777078,-0.2050293590500802,7.817366637474775,4.895104895104895,-1.6522423288749082,4.0,1
YELO,2026-07-17,2026-07-22,3,7.8947368421052655,6,1.0,-8.536585365853655,-17.582417582417587,0,1,7.8947368421052655,75.0,76.0,74.0,74.0,16495200.0,0.3034936488353354,1220644800.0,8.108108108108109,12.162162162162163,16.216216216216218,0.0,50.74845965106005,1.049879426501151,1,22.20525634331074,-0.15685514135500736,9.378014522240813,3.3519553072625783,-3.6709190315022044,2.7027027027027026,0
KOTA,2026-07-21,2026-07-22,1,7.7669902912621325,7,1.0,-4.504504504504503,-7.826086956521738,0,1,7.7669902912621325,98.0,108.0,96.0,103.0,521402300.0,3.1448171347265625,53704436900.0,4.854368932038835,4.854368932038835,18.446601941747574,0.5833333332847223,56.13213598680269,2.0684463017252828,1,16.227586064839155,0.03387808363127949,40.33311198589558,11.411573823688476,0.9408075264602056,11.650485436893204,2
KOTA,2026-07-20,2026-07-22,2,7.7669902912621325,7,1.0,-4.504504504504503,-7.826086956521738,0,1,7.7669902912621325,96.0,101.0,94.0,98.0,231619000.0,1.5549009380768197,22698662000.0,3.061224489795918,5.1020408163265305,15.306122448979592,0.5714285713469388,51.666461910604404,1.744957817347938,1,15.651804576088002,0.029200169102819806,8.700468217019269,6.175514626218854,-4.632152588555863,7.142857142857142,1
KOTA,2026-07-17,2026-07-22,3,7.7669902912621325,7,1.0,-4.504504504504503,-7.826086956521738,0,1,7.7669902912621325,95.0,98.0,94.0,95.0,92136600.0,0.5401107244395433,8752977000.0,6.315789473684211,21.052631578947366,15.789473684210526,0.2499999999375,48.7603434603061,1.6443694647323923,1,16.091267776739752,-0.10586993191521094,0.7064566783781393,2.7027027027027026,-8.70651547184317,4.2105263157894735,0
ENRG,2026-07-21,2026-07-22,1,5.594405594405605,8,1.0,-8.94039735099338,-11.858974358974361,0,1,5.594405594405605,1425.0,1475.0,1425.0,1430.0,94894000.0,1.1124155239020048,135698420000.0,3.4965034965034967,3.4965034965034967,24.825174825174827,0.09999999999800001,59.62391935917499,41.59119495982064,1,38.14492317633026,-0.045110065682577756,35.46534608673916,18.035493190260006,7.300967959780892,3.4965034965034967,2
ENRG,2026-07-20,2026-07-22,2,5.594405594405605,8,1.0,-8.94039735099338,-11.858974358974361,0,1,5.594405594405605,1410.0,1435.0,1405.0,1425.0,85647600.0,1.040459836608606,122047830000.0,3.8596491228070176,3.8596491228070176,26.31578947368421,0.6666666666444444,59.33727561045036,43.37538847588048,1,38.52952533967886,-0.002770513843522678,330.1276002270076,18.012422360248447,6.510202556244854,2.1052631578947367,1
ENRG,2026-07-17,2026-07-22,3,5.594405594405605,8,1.0,-8.94039735099338,-11.858974358974361,0,1,5.594405594405605,1400.0,1410.0,1355.0,1365.0,35254500.0,0.44580240512891844,48122392500.0,8.424908424908425,8.424908424908425,28.57142857142857,0.18181818181487605,55.844246728917085,43.50410922484695,1,39.296374139601866,-0.024542926928737906,1287.0774282632738,13.160621761658032,1.4794439075161767,4.029304029304029,0
PTRO,2026-07-21,2026-07-22,1,4.921700223713654,9,1.0,-2.771855010660984,-6.938775510204087,0,1,4.921700223713654,4140.0,4470.0,4100.0,4470.0,74662400.0,2.7668301598510125,333740928000.0,0.0,0.0,14.317673378076062,0.9999999999972973,62.098584548575865,71.4859138593067,1,12.82733607408249,-0.03549157360873643,30.8672251103363,13.250570053204966,8.32162070469635,8.277404921700224,2
PTRO,2026-07-20,2026-07-22,2,4.921700223713654,9,1.0,-2.771855010660984,-6.938775510204087,0,1,4.921700223713654,4080.0,4150.0,4070.0,4120.0,20205700.0,0.8036034230211976,83247484000.0,1.2135922330097086,8.009708737864079,8.25242718446602,0.6249999999921875,52.74360126100644,48.56863889809168,1,11.340205085256601,-0.11130659472413984,1.9309725574458345,4.581799720776749,-0.4398047460248374,1.9417475728155338,1
PTRO,2026-07-17,2026-07-22,3,4.921700223713654,9,1.0,-2.771855010660984,-6.938775510204087,0,1,4.921700223713654,4110.0,4140.0,4050.0,4070.0,20742300.0,0.8234272011680731,84421161000.0,2.457002457002457,9.336609336609335,8.353808353808354,0.22222222221975307,51.143957988904525,44.86195885448788,1,11.044584396866247,-0.16307409161139336,1.2692654446692835,3.4176089442256385,-2.2879504477468653,2.211302211302211,0
ELSA,2026-07-21,2026-07-22,1,4.545454545454541,10,1.0,-5.797101449275366,-6.474820143884896,0,1,4.545454545454541,655.0,660.0,650.0,660.0,19868000.0,0.778370331193285,13112880000.0,1.5151515151515151,1.5151515151515151,12.121212121212121,0.9999999999,65.25331915824415,8.71902285117108,1,39.12368176682099,0.12163587028359955,-1.2097688666738124,11.01766190075694,11.550212983017722,1.5151515151515151,2
ELSA,2026-07-20,2026-07-22,2,4.545454545454541,10,1.0,-5.797101449275366,-6.474820143884896,0,1,4.545454545454541,650.0,660.0,645.0,655.0,22372600.0,0.8683764877030521,14654053000.0,2.2900763358778624,2.2900763358778624,16.793893129770993,0.6666666666222222,64.27595127784856,9.650242716809037,1,39.576853986713964,0.11064251979014034,13.97220414197699,11.016949152542372,10.709370161387215,2.2900763358778624,1
ELSA,2026-07-17,2026-07-22,3,4.545454545454541,10,1.0,-5.797101449275366,-6.474820143884896,0,1,4.545454545454541,650.0,650.0,635.0,640.0,12606300.0,0.49918714736540115,8068032000.0,4.6875,4.6875,18.75,0.3333333333111111,61.238708197764865,10.679137258012126,1,40.064885608137175,0.08365284656479365,-56.31651590813503,9.354976505766768,8.12598223685177,2.34375,0
MLPL,2026-07-21,2026-07-22,1,4.255319148936176,12,0.6,-6.122448979591832,-11.538461538461542,0,1,4.255319148936176,89.0,98.0,89.0,94.0,139723400.0,5.226333992843329,13133999600.0,4.25531914893617,4.25531914893617,18.085106382978726,0.5555555554938272,68.23287271536404,1.599198492808881,1,28.494471770916345,-0.024521766907516698,81.74343684033929,14.216281895504256,12.332695984703623,9.574468085106384,1
MLPL,2026-07-20,2026-07-22,2,4.255319148936176,12,0.6,-6.122448979591832,-11.538461538461542,0,1,4.255319148936176,90.0,91.0,88.0,88.0,19828500.0,0.9812861066248256,1744908000.0,7.954545454545454,7.954545454545454,17.045454545454543,0.0,59.93926770493915,1.3338755801681328,1,26.62472688338908,-0.05951795391379037,22.398542322345534,7.777097366809546,5.011933174224347,3.4090909090909087,0
MLPL,2026-07-17,2026-07-22,3,4.255319148936176,12,0.6,-6.122448979591832,-11.538461538461542,0,1,4.255319148936176,91.0,95.0,89.0,90.0,75039000.0,3.7601734994432823,6753510000.0,5.555555555555555,5.555555555555555,16.666666666666664,0.16666666663888888,65.20871558161089,1.4122245745886288,1,25.742055390763287,-0.003158165218454727,29.01503212827602,10.633066994468354,6.96458283812693,6.666666666666667,0
MBTO,2026-07-17,2026-07-22,3,4.237288135593231,13,0.6,-5.691056910569103,-5.691056910569103,1,1,4.237288135593231,115.0,129.0,114.0,120.0,16490500.0,1.8362491766915887,1978860000.0,15.0,15.0,30.833333333333336,0.39999999997333335,63.834632188299665,1.890924069997216,1,44.636462973201816,-0.40094307422908093,167.47563029727453,11.11111111111111,9.011627906976747,12.5,1
ALKA,2026-07-22,2026-07-23,1,14.583333333333325,1,1.0,0.454545454545463,0.454545454545463,1,1,14.583333333333325,875.0,1040.0,800.0,960.0,2105200.0,3.5029743333749264,2020992000.0,8.333333333333332,8.333333333333332,56.458333333333336,0.666666666663889,79.71980553222457,44.777622151978065,1,25.183379653907554,0.3398979155634555,115.24338891696142,63.05732484076433,68.67554555996767,25.0,2
ALKA,2026-07-21,2026-07-23,2,14.583333333333325,1,1.0,0.454545454545463,0.454545454545463,1,1,14.583333333333325,700.0,865.0,675.0,865.0,2092900.0,4.195575691360863,1810358500.0,0.0,0.0,42.42774566473989,0.9999999999947369,76.0274407856829,33.891875387047186,1,22.04228215339106,0.34165903182255103,186.3527833668678,52.355790400704535,54.0955570598924,21.965317919075144,1
BEEF,2026-07-22,2026-07-23,1,10.691823899371066,2,1.0,-6.25,-6.25,0,1,10.691823899371066,310.0,324.0,294.0,318.0,32453500.0,0.7068970023829335,10320213000.0,1.8867924528301887,1.8867924528301887,22.641509433962266,0.7999999999733334,82.34345900107138,6.6387600098974175,1,48.49853239880478,0.15520635416125628,20.320712905604257,39.046786182772195,70.7657609279347,9.433962264150944,4
BEEF,2026-07-21,2026-07-23,2,10.691823899371066,2,1.0,-6.25,-6.25,0,1,10.691823899371066,274.0,316.0,272.0,306.0,49354000.0,1.0849821728903726,15102324000.0,3.2679738562091507,3.2679738562091507,23.52941176470588,0.7727272727097108,80.7728145361026,5.6717415813114656,1,46.86925446011962,0.10883473627698588,13.759536687373755,38.96457765667576,66.81203663323157,14.37908496732026,3
BEEF,2026-07-20,2026-07-23,3,10.691823899371066,2,1.0,-6.25,-6.25,0,1,10.691823899371066,270.0,282.0,264.0,270.0,23637100.0,0.5396753422587043,6382017000.0,8.88888888888889,8.88888888888889,34.074074074074076,0.3333333333148148,74.43858642013771,4.501742616697495,1,45.236208388420266,0.09118428969705233,6.270848294903705,26.70107930549038,49.105367793240546,6.666666666666667,2
MLPT,2026-07-22,2026-07-23,1,9.846153846153838,3,1.0,-17.647058823529417,-27.586206896551722,0,1,9.846153846153838,1425.0,1625.0,1400.0,1625.0,40805600.0,9.353772800990262,66309100000.0,0.0,0.0,55.93846153846154,0.9999999999955556,82.75221513348049,85.67640060672463,1,28.6271594222923,0.8101776957536713,5657.875751503002,90.87331884653784,107.16999413549556,13.846153846153847,2
MLPT,2026-07-21,2026-07-23,2,9.846153846153838,3,1.0,-17.647058823529417,-27.586206896551722,0,1,9.846153846153838,1120.0,1300.0,1075.0,1300.0,19858900.0,8.414538551822613,25816570000.0,0.0,0.0,44.92307692307692,0.9999999999955556,76.32079773747016,59.11610375678261,1,25.10601773980636,0.6205149164833599,787.4433734939757,61.23031129852413,69.26201760324983,17.307692307692307,1
MLPT,2026-07-20,2026-07-23,3,9.846153846153838,3,1.0,-17.647058823529417,-27.586206896551722,0,1,9.846153846153838,1169.0,1169.0,1000.0,1038.0,4710000.0,3.2387828777720453,4888980000.0,13.680154142581888,13.680154142581888,44.701348747591524,0.22485207100458668,67.15190756730789,44.39293129591255,1,22.289763288906208,0.3118689801247427,287.35818476499185,33.35046248715314,36.74087735476221,16.28131021194605,0
SINI,2026-07-22,2026-07-23,1,9.677419354838701,4,1.0,-0.3676470588235281,-0.3676470588235281,1,1,9.677419354838701,6925.0,6950.0,6200.0,6200.0,10854700.0,3.5817758103735997,67299140000.0,30.64516129032258,57.66129032258065,41.935483870967744,0.0,38.799198548519016,31.249637996104866,1,28.300876509868072,-0.10846054879980074,-127.54208062784451,-10.042995744222369,-31.064178053670854,12.096774193548388,0
SINI,2026-07-21,2026-07-23,2,9.677419354838701,4,1.0,-0.3676470588235281,-0.3676470588235281,1,1,9.677419354838701,5775.0,6325.0,5775.0,6325.0,3166300.0,1.254049307311331,20026847500.0,28.063241106719367,61.6600790513834,41.10671936758894,0.9999999999981818,39.562022003720244,16.899316497588984,1,29.01976207896355,0.07009551379864598,-80.99093565578357,-10.056360102904973,-30.71813060161665,8.695652173913043,1
SINI,2026-07-20,2026-07-23,3,9.677419354838701,4,1.0,-0.3676470588235281,-0.3676470588235281,1,1,9.677419354838701,6350.0,6350.0,5600.0,5750.0,11350600.0,4.754773776157124,65265950000.0,40.869565217391305,77.82608695652173,45.21739130434783,0.19999999999973334,34.02113529925097,-7.297692960567247,0,28.747367145522887,0.016471767991796987,-199.0473911806569,-20.31520802727921,-37.92422448458482,13.043478260869565,0
KOTA,2026-07-22,2026-07-23,1,9.009009009009006,5,1.0,-12.396694214876035,-19.696969696969703,0,1,9.009009009009006,104.0,115.0,98.0,111.0,1193981200.0,5.542652180867202,132531913200.0,3.6036036036036037,3.6036036036036037,23.423423423423422,0.7647058823079584,62.15677753752301,2.7014250534350324,1,17.53281354026759,0.21958221849389106,119.49511981630889,18.653126670229828,9.273479031305378,15.315315315315313,3
KOTA,2026-07-21,2026-07-23,2,9.009009009009006,5,1.0,-12.396694214876035,-19.696969696969703,0,1,9.009009009009006,98.0,108.0,96.0,103.0,521402300.0,3.1448171347265625,53704436900.0,4.854368932038835,4.854368932038835,18.446601941747574,0.5833333332847223,56.13213598680269,2.0684463017252828,1,16.227586064839155,0.03387808363127949,40.33311198589558,11.411573823688476,0.9408075264602056,11.650485436893204,2
KOTA,2026-07-20,2026-07-23,3,9.009009009009006,5,1.0,-12.396694214876035,-19.696969696969703,0,1,9.009009009009006,96.0,101.0,94.0,98.0,231619000.0,1.5549009380768197,22698662000.0,3.061224489795918,5.1020408163265305,15.306122448979592,0.5714285713469388,51.666461910604404,1.744957817347938,1,15.651804576088002,0.029200169102819806,8.700468217019269,6.175514626218854,-4.632152588555863,7.142857142857142,1
DEWA,2026-07-22,2026-07-23,1,7.272727272727275,7,1.0,-8.898305084745761,-11.52263374485597,0,1,7.272727272727275,442.0,448.0,424.0,440.0,1098397600.0,1.500092055649986,483294944000.0,2.272727272727273,2.272727272727273,35.0,0.6666666666388888,70.99119831492797,15.10171237595901,1,26.85173836645434,0.19120083588691783,346.92598279379644,29.589858405711063,26.429046033687527,5.454545454545454,0
DEWA,2026-07-21,2026-07-23,2,7.272727272727275,7,1.0,-8.898305084745761,-11.52263374485597,0,1,7.272727272727275,400.0,450.0,392.0,440.0,2196964900.0,3.0691682123698283,966664556000.0,2.272727272727273,2.272727272727273,35.0,0.827586206882283,70.99119831526215,13.91462085634732,1,25.169174893036086,0.12068271309518702,1309.2695420082455,31.912342179440135,26.242338699985513,13.18181818181818,2
DEWA,2026-07-20,2026-07-23,3,7.272727272727275,7,1.0,-8.898305084745761,-11.52263374485597,0,1,7.272727272727275,368.0,400.0,364.0,398.0,983502900.0,1.5708884231111522,391434154200.0,0.5025125628140703,0.5025125628140703,26.13065326633166,0.94444444441821,64.46810651633848,10.855137134604231,1,23.357183460124116,0.055150273616036534,368.41324877341015,20.727968787026228,13.98454929431525,9.045226130653267,1
GPRA,2026-07-22,2026-07-23,1,6.796116504854366,8,1.0,-10.909090909090914,-10.909090909090914,0,1,6.796116504854366,103.0,104.0,101.0,103.0,58089500.0,1.3912204825629524,5983218500.0,4.854368932038835,4.854368932038835,9.70873786407767,0.6666666664444444,54.98773655027923,0.6479140210168921,1,27.088360224154833,-0.1006175644474597,59.909411085791135,3.0393976017014044,1.6010934324953165,2.912621359223301,1
GPRA,2026-07-21,2026-07-23,2,6.796116504854366,8,1.0,-10.909090909090914,-10.909090909090914,0,1,6.796116504854366,106.0,106.0,101.0,102.0,93280200.0,2.3880440353556738,9514580400.0,5.88235294117647,5.88235294117647,9.803921568627452,0.19999999996,52.71125576695319,0.6633045446926378,1,26.249290615876255,-0.13053543048019625,25.704632621667283,2.293341406206806,0.36019427149802435,4.901960784313726,0
GPRA,2026-07-20,2026-07-23,3,6.796116504854366,8,1.0,-10.909090909090914,-10.909090909090914,0,1,6.796116504854366,105.0,108.0,102.0,105.0,93429000.0,2.527176978126147,9810045000.0,2.857142857142857,2.857142857142857,11.381886087768441,0.49999999991666666,61.35541148219668,0.7417458203541494,1,25.345677191576247,-0.08541973502914525,73.04650486486432,5.512043979604851,3.17143925830991,5.714285714285714,2
SIMP,2026-07-22,2026-07-23,1,5.35714285714286,9,1.0,-3.3898305084745783,-5.785123966942152,1,1,5.35714285714286,565.0,570.0,555.0,560.0,11549200.0,1.4740165841543087,6467552000.0,1.7857142857142856,1.7857142857142856,8.928571428571429,0.3333333333111111,59.69789861379842,5.4979813192346185,1,26.67625615094396,-0.061343490677703366,2.4541755999792385,4.961295762424946,4.965367402890659,2.6785714285714284,0
SIMP,2026-07-21,2026-07-23,2,5.35714285714286,9,1.0,-3.3898305084745783,-5.785123966942152,1,1,5.35714285714286,560.0,570.0,560.0,565.0,9058400.0,1.1582817065295918,5117996000.0,0.8849557522123894,0.8849557522123894,8.849557522123893,0.49999999995,62.555424449906276,6.080096549016838,1,27.087032342849916,-0.08002547622034571,5.680693284946774,6.304553307703374,5.554917380941422,1.7699115044247788,2
SIMP,2026-07-20,2026-07-23,3,5.35714285714286,9,1.0,-3.3898305084745783,-5.785123966942152,1,1,5.35714285714286,550.0,560.0,550.0,560.0,8155900.0,0.9879036043298227,4567304000.0,0.0,0.0,7.142857142857142,0.9999999999,60.8136947594096,5.992648849965057,1,26.96679788901807,-0.07580681354847488,5.0754162554944,5.676691582319239,4.334941800028462,1.7857142857142856,1
BAPA,2026-07-22,2026-07-23,1,4.761904761904767,10,1.0,-25.0,-25.0,0,1,4.761904761904767,212.0,218.0,206.0,210.0,11878200.0,0.23615258683426762,2494422000.0,71.42857142857143,136.1904761904762,74.28571428571429,0.33333333330555553,39.98031423800927,-16.537514544175302,0,54.04999103738246,0.007876511946274575,-70.21062095211494,-28.425357873210626,-19.280442804428052,5.714285714285714,0
BAPA,2026-07-21,2026-07-23,2,4.761904761904767,10,1.0,-25.0,-25.0,0,1,4.761904761904767,212.0,220.0,204.0,212.0,20877800.0,0.4200348355821883,4426093600.0,133.96226415094338,133.96226415094338,137.73584905660377,0.49999999996875,40.22817119997295,-16.607683945184544,0,56.49070308803918,0.011953531259622585,1309.847509654421,-28.086838534599735,-18.68671371586377,7.547169811320755,1
BAPA,2026-07-20,2026-07-23,3,4.761904761904767,10,1.0,-25.0,-25.0,0,1,4.761904761904767,206.0,236.0,204.0,210.0,54787100.0,1.1258926161352714,11505291000.0,136.1904761904762,136.1904761904762,139.04761904761904,0.18749999999414066,39.88209312490633,-15.667678599631186,0,59.11916221951565,0.012209961722858879,147.60619341670275,-29.078014184397166,-19.614147909967848,15.238095238095239,0
PTRO,2026-07-22,2026-07-23,1,4.6908315565032055,11,0.6,-7.128309572301427,-12.307692307692308,0,1,4.6908315565032055,4500.0,4900.0,4480.0,4690.0,121500700.0,3.9083822575264877,569838283000.0,4.477611940298507,4.477611940298507,22.81449893390192,0.49999999999880956,66.57738887814472,96.78342896724698,1,15.296575914648884,0.03029688773502372,60.273155974730855,17.67657759377744,13.779718583212034,8.955223880597014,3
PTRO,2026-07-21,2026-07-23,2,4.6908315565032055,11,0.6,-7.128309572301427,-12.307692307692308,0,1,4.6908315565032055,4140.0,4470.0,4100.0,4470.0,74662400.0,2.7668301598510125,333740928000.0,0.0,0.0,14.317673378076062,0.9999999999972973,62.098584548575865,71.4859138593067,1,12.82733607408249,-0.03549157360873643,30.8672251103363,13.250570053204966,8.32162070469635,8.277404921700224,2
PTRO,2026-07-20,2026-07-23,3,4.6908315565032055,11,0.6,-7.128309572301427,-12.307692307692308,0,1,4.6908315565032055,4080.0,4150.0,4070.0,4120.0,20205700.0,0.8036034230211976,83247484000.0,1.2135922330097086,8.009708737864079,8.25242718446602,0.6249999999921875,52.74360126100644,48.56863889809168,1,11.340205085256601,-0.11130659472413984,1.9309725574458345,4.581799720776749,-0.4398047460248374,1.9417475728155338,1
COCO,2026-07-22,2026-07-23,1,4.444444444444451,13,0.6,-24.822695035460995,-31.612903225806456,0,1,4.444444444444451,141.0,142.0,131.0,135.0,730666000.0,1.5020993162699,98639910000.0,60.0,60.0,67.4074074074074,0.36363636360330576,42.336926487472525,2.3596622252049393,1,17.12767377039091,-0.040337455276249344,2692.087866623467,-5.7125794248543045,-30.858473271804538,8.148148148148149,0
COCO,2026-07-21,2026-07-23,2,4.444444444444451,13,0.6,-24.822695035460995,-31.612903225806456,0,1,4.444444444444451,129.0,145.0,125.0,144.0,1391916200.0,3.0771117923006575,200435932800.0,50.0,50.0,63.19444444444444,0.9499999999525,44.53873596913142,2.4169381771985954,1,18.082818086623625,-0.025592765740735206,260.8279943286514,-0.9487098630765979,-27.780340593349113,13.88888888888889,1
COCO,2026-07-20,2026-07-23,3,4.444444444444451,13,0.6,-24.822695035460995,-31.612903225806456,0,1,4.444444444444451,131.0,133.0,128.0,130.0,327570200.0,0.8545895370367921,42584126000.0,66.15384615384615,66.15384615384615,70.0,0.39999999992,40.03403372363098,1.6743855791394644,1,19.111435042566548,-0.19382028074024146,-94.18070544199901,-11.94155616499559,-36.04618554040878,3.8461538461538463,0
LSIP,2026-07-22,2026-07-23,1,4.104477611940305,14,0.6,-3.2258064516129004,-4.59363957597173,1,1,4.104477611940305,1340.0,1360.0,1330.0,1340.0,6117600.0,0.9180609309368344,8197584000.0,1.4925373134328357,1.4925373134328357,8.208955223880597,0.3333333333222222,66.65716833246259,9.170371336751117,1,24.776289701450565,-0.025740316187899678,13.873854698065994,5.103509331693538,7.618341499916288,2.2388059701492535,0
LSIP,2026-07-21,2026-07-23,2,4.104477611940305,14,0.6,-3.2258064516129004,-4.59363957597173,1,1,4.104477611940305,1335.0,1350.0,1330.0,1340.0,4881900.0,0.72841185207953,6541746000.0,0.7462686567164178,0.7462686567164178,8.208955223880597,0.499999999975,66.65716833280474,10.236254177715857,1,24.74087902314141,-0.017719971307207462,19.179545672562035,5.468789557593678,7.455202748552724,1.4925373134328357,2
LSIP,2026-07-20,2026-07-23,3,4.104477611940305,14,0.6,-3.2258064516129004,-4.59363957597173,1,1,4.104477611940305,1320.0,1335.0,1320.0,1325.0,5373700.0,0.7985140330999125,7120152500.0,1.8867924528301887,1.8867924528301887,8.30188679245283,0.3333333333111111,64.08969438416598,10.859418676780074,1,24.9743068128579,-0.040069536142161626,20.105401749394645,4.6518793951880415,6.171226816585744,1.1320754716981132,1
MCAS,2026-07-23,2026-07-24,1,34.59119496855345,1,1.0,2.8037383177569986,2.8037383177569986,1,1,34.59119496855345,150.0,183.0,150.0,159.0,15643900.0,4.326168175193785,2487380100.0,25.157232704402517,25.157232704402517,33.33333333333333,0.2727272727190083,38.64274407377595,3.1479260671402685,1,18.46935401987778,-0.5430392901042614,48.89874114720793,0.0,-22.09701126898579,20.754716981132077,3
ALKA,2026-07-23,2026-07-24,1,25.0,2,1.0,0.0,0.0,1,1,25.0,965.0,1100.0,960.0,1100.0,1134500.0,1.7322461942497644,1247950000.0,0.0,0.0,54.72727272727273,0.9999999999928573,83.70340880724763,57.976741167273815,1,28.32279149197733,0.3992133761959315,64.93397188174208,78.3542764491285,89.6420936487139,12.727272727272727,3
ALKA,2026-07-22,2026-07-24,2,25.0,2,1.0,0.0,0.0,1,1,25.0,875.0,1040.0,800.0,960.0,2105200.0,3.5029743333749264,2020992000.0,8.333333333333332,8.333333333333332,56.458333333333336,0.666666666663889,79.71980553222457,44.777622151978065,1,25.183379653907554,0.3398979155634555,115.24338891696142,63.05732484076433,68.67554555996767,25.0,2
ALKA,2026-07-21,2026-07-24,3,25.0,2,1.0,0.0,0.0,1,1,25.0,700.0,865.0,675.0,865.0,2092900.0,4.195575691360863,1810358500.0,0.0,0.0,42.42774566473989,0.9999999999947369,76.0274407856829,33.891875387047186,1,22.04228215339106,0.34165903182255103,186.3527833668678,52.355790400704535,54.0955570598924,21.965317919075144,1
BULL,2026-07-23,2026-07-24,1,12.307692307692308,3,1.0,-6.849315068493156,-6.849315068493156,0,1,12.307692307692308,390.0,406.0,384.0,390.0,287305500.0,1.5207482086161943,112049145000.0,6.153846153846154,6.153846153846154,27.692307692307693,0.272727272714876,58.539446312558184,9.087601419417203,1,25.523017728535997,-0.08129830371535127,87.80863610555747,12.749349522983527,6.627296587926512,5.641025641025641,1
BULL,2026-07-22,2026-07-24,2,12.307692307692308,3,1.0,-6.849315068493156,-6.849315068493156,0,1,12.307692307692308,396.0,414.0,384.0,388.0,426252700.0,2.3386312161864184,165386047600.0,6.701030927835052,6.701030927835052,29.381443298969074,0.1333333333288889,58.062726342794754,9.542308058825878,1,24.835309110505555,-0.028412588951186982,51.25966115927889,12.529002320185612,5.768182313815295,7.731958762886598,0
BULL,2026-07-21,2026-07-24,3,12.307692307692308,3,1.0,-6.849315068493156,-6.849315068493156,0,1,12.307692307692308,390.0,404.0,384.0,392.0,284530300.0,1.6545210424524077,111535877600.0,3.061224489795918,3.061224489795918,26.53061224489796,0.39999999998,59.32963479931478,9.753907432221107,1,24.094699829549693,-0.003300113542043829,94.41997473271498,14.319043452901727,6.440751602041933,5.1020408163265305,2
SINI,2026-07-23,2026-07-24,1,9.926470588235304,5,1.0,-3.3444816053511683,-3.3444816053511683,1,1,9.926470588235304,6800.0,6800.0,6800.0,6800.0,5226200.0,1.5946391662046702,35538160000.0,17.647058823529413,37.86764705882353,36.76470588235294,0.0,44.346293177654466,84.87256069949001,1,27.633339909993698,-0.10471355481536788,-17.678249525560368,0.8388682514017946,-23.4223247550332,0.0,1
SINI,2026-07-22,2026-07-24,2,9.926470588235304,5,1.0,-3.3444816053511683,-3.3444816053511683,1,1,9.926470588235304,6925.0,6950.0,6200.0,6200.0,10854700.0,3.5817758103735997,67299140000.0,30.64516129032258,57.66129032258065,41.935483870967744,0.0,38.799198548519016,31.249637996104866,1,28.300876509868072,-0.10846054879980074,-127.54208062784451,-10.042995744222369,-31.064178053670854,12.096774193548388,0
SINI,2026-07-21,2026-07-24,3,9.926470588235304,5,1.0,-3.3444816053511683,-3.3444816053511683,1,1,9.926470588235304,5775.0,6325.0,5775.0,6325.0,3166300.0,1.254049307311331,20026847500.0,28.063241106719367,61.6600790513834,41.10671936758894,0.9999999999981818,39.562022003720244,16.899316497588984,1,29.01976207896355,0.07009551379864598,-80.99093565578357,-10.056360102904973,-30.71813060161665,8.695652173913043,1
ESIP,2026-07-23,2026-07-24,1,6.923076923076921,7,1.0,-6.474820143884896,-13.907284768211925,0,1,6.923076923076921,132.0,137.0,130.0,130.0,61961900.0,1.3917290569000051,8055047000.0,6.923076923076923,9.230769230769232,13.846153846153847,0.0,49.64895522468908,0.5597530085544076,1,14.861035122612524,-0.19929118098819854,-2.322279358540669,0.1926782273603083,0.07698229407235899,5.384615384615385,0
ESIP,2026-07-22,2026-07-24,2,6.923076923076921,7,1.0,-6.474820143884896,-13.907284768211925,0,1,6.923076923076921,135.0,139.0,130.0,132.0,60280600.0,1.3467478028714173,7957039200.0,5.303030303030303,7.575757575757576,13.636363636363635,0.22222222219753085,51.53363207713858,0.7200473145807904,1,14.47803573192574,-0.0815748600712098,0.23715918914916997,1.4604150653343626,0.8711600183402004,6.8181818181818175,0
ESIP,2026-07-21,2026-07-24,3,6.923076923076921,7,1.0,-6.474820143884896,-13.907284768211925,0,1,6.923076923076921,131.0,135.0,130.0,134.0,44844500.0,0.8750308542304687,6009163000.0,1.4925373134328357,14.17910447761194,11.194029850746269,0.79999999984,53.41648953362322,0.7225900400174082,1,14.065574849647666,-0.18120931426151377,4.031993940656158,3.076923076923077,1.4690292291382687,3.731343283582089,2
MCAS,2026-07-24,2026-07-27,1,24.29906542056075,2,1.0,5.263157894736836,5.263157894736836,1,1,24.29906542056075,161.0,214.0,160.0,214.0,47699300.0,7.980982562050121,10207650200.0,0.0,0.0,31.775700934579437,0.9999999999814816,68.56024410570532,7.0376630703798995,1,20.580356810037948,0.07185112309014739,192.71876303310216,33.208839091192026,5.888174171202378,25.233644859813083,4
MCAS,2026-07-23,2026-07-27,2,24.29906542056075,2,1.0,5.263157894736836,5.263157894736836,1,1,24.29906542056075,150.0,183.0,150.0,159.0,15643900.0,4.326168175193785,2487380100.0,25.157232704402517,25.157232704402517,33.33333333333333,0.2727272727190083,38.64274407377595,3.1479260671402685,1,18.46935401987778,-0.5430392901042614,48.89874114720793,0.0,-22.09701126898579,20.754716981132077,3
WOOD,2026-07-24,2026-07-27,1,18.0952380952381,3,1.0,-6.451612903225811,-10.769230769230765,0,1,18.0952380952381,218.0,226.0,206.0,210.0,5381300.0,1.1567240374963188,1130073000.0,7.6190476190476195,7.6190476190476195,19.523809523809526,0.19999999999,49.16129263475755,3.273159935896272,1,33.88487175917631,0.010105814205630323,14.951680288089578,3.1434184675834995,-8.120406020301015,9.523809523809524,0
WOOD,2026-07-23,2026-07-27,2,18.0952380952381,3,1.0,-6.451612903225811,-10.769230769230765,0,1,18.0952380952381,200.0,224.0,200.0,216.0,9250000.0,2.097465241599651,1998000000.0,3.7037037037037033,4.62962962962963,25.0,0.6666666666388888,52.2265249327032,3.014669837797298,1,36.30398373527333,0.04988734990248029,-21.413178252973424,5.778648383937322,-6.233721132141002,11.11111111111111,1
DIVA,2026-07-24,2026-07-27,1,17.699115044247794,4,1.0,-7.518796992481203,-19.07894736842105,0,1,17.699115044247794,116.0,116.0,110.0,113.0,9972200.0,1.3864585259510855,1126858600.0,10.619469026548673,10.619469026548673,15.929203539823009,0.49999999991666666,46.85828951373674,1.6652987544025952,1,23.84882868977788,-0.19852031550487803,8.238878796483466,1.7559657811796514,-4.463983767331756,5.3097345132743365,0
PAMG,2026-07-23,2026-07-27,2,14.54545454545455,6,1.0,-6.349206349206349,-13.235294117647056,0,1,14.54545454545455,58.0,60.0,56.0,57.0,22011700.0,0.743304654210212,1254666900.0,15.789473684210526,15.789473684210526,28.07017543859649,0.2499999999375,57.36248071134811,0.8897214739600063,1,59.500408556193925,0.2723199326404873,280.68883107982896,7.95454545454546,6.941838649155728,7.017543859649122,0
PAMG,2026-07-22,2026-07-27,3,14.54545454545455,6,1.0,-6.349206349206349,-13.235294117647056,0,1,14.54545454545455,58.0,60.0,56.0,58.0,36258100.0,1.2550708679705989,2102969800.0,13.793103448275861,13.793103448275861,27.586206896551722,0.499999999875,59.83391784788656,0.9866521528412063,1,57.77704939516346,0.2938479785694643,299.9298948597722,10.476190476190476,8.695652173913045,6.896551724137931,1
TNCA,2026-07-24,2026-07-27,1,10.666666666666668,9,1.0,-9.638554216867467,-21.052631578947366,0,1,10.666666666666668,140.0,185.0,135.0,150.0,28463500.0,9.689009466557282,4269525000.0,23.333333333333332,23.333333333333332,38.0,0.299999999994,59.43201378340729,2.1030302000866623,1,37.020938272732835,-0.4940722762123785,326.8974164852843,9.090909090909092,1.902173913043486,33.33333333333333,1
GJTL,2026-07-24,2026-07-27,1,8.071748878923767,12,0.6,-1.2448132780082943,-2.0576131687242816,1,1,8.071748878923767,1140.0,1145.0,1115.0,1115.0,3819400.0,1.4221087004278161,4258631000.0,4.0358744394618835,4.0358744394618835,4.484304932735426,0.0,46.65284409102774,0.5945145365967957,1,14.928682320389187,-0.12872136562431466,-55.70658591499031,-0.6238859180035651,-0.20695131486788515,2.690582959641256,0
GJTL,2026-07-23,2026-07-27,2,8.071748878923767,12,0.6,-1.2448132780082943,-2.0576131687242816,1,1,8.071748878923767,1145.0,1160.0,1140.0,1140.0,3859700.0,1.456935893612764,4400058000.0,1.7543859649122806,1.7543859649122806,5.263157894736842,0.0,55.182993825975,2.5929250065901637,1,15.980569130302127,-0.10504525281391121,-14.495918358307458,1.6722408026755853,1.9782002727595387,1.7543859649122806,0
GJTL,2026-07-22,2026-07-27,3,8.071748878923767,12,0.6,-1.2448132780082943,-2.0576131687242816,1,1,8.071748878923767,1140.0,1150.0,1135.0,1145.0,2003900.0,0.781230811814951,2294465500.0,0.8733624454148471,1.3100436681222707,5.240174672489083,0.6666666666222222,57.12268437816017,2.9659100349525107,1,15.660857262582246,-0.07569031982086401,14.060435995841702,2.1637296453267902,2.461331608125976,1.3100436681222707,1
ADES,2026-07-24,2026-07-27,1,7.0985527222605205,15,0.6,-5.7915057915057915,-5.7915057915057915,1,1,7.0985527222605205,35400.0,36500.0,35000.0,36275.0,58000.0,0.9440104166666513,2103950000.0,0.6202618883528601,2.5499655410062028,9.648518263266713,0.8499999999994333,71.96343165066693,-287.6969385427469,0,50.10239186141071,0.31211566500283533,44.122858830478314,6.172026488127904,30.03190307201491,4.135079255685734,3
ADES,2026-07-23,2026-07-27,2,7.0985527222605205,15,0.6,-5.7915057915057915,-5.7915057915057915,1,1,7.0985527222605205,34425.0,36000.0,34425.0,35400.0,107800.0,1.7419406964530704,3816120000.0,1.694915254237288,5.084745762711865,8.47457627118644,0.619047619047226,69.09151234184733,-389.8935748607273,0,50.077808141398165,0.2989192938568017,41.40085498191371,4.1559396837072455,28.230670313150892,4.4491525423728815,2
ADES,2026-07-22,2026-07-27,3,7.0985527222605205,15,0.6,-5.7915057915057915,-5.7915057915057915,1,1,7.0985527222605205,33625.0,34500.0,33500.0,34425.0,38400.0,0.6578158458243999,1321920000.0,8.061002178649238,8.061002178649238,12.200435729847495,0.924999999999075,65.42718748522233,-464.1596051177262,0,50.26846897415766,0.3036918961836798,-7.59965586464007,1.5861305791220952,25.877577885037294,2.904865649963689,1
KOTA,2026-07-24,2026-07-27,1,7.017543859649122,16,0.6,-2.4590163934426257,-3.2520325203251987,1,1,7.017543859649122,123.0,127.0,106.0,114.0,679718600.0,2.170969987728143,77487920400.0,15.789473684210526,15.789473684210526,37.719298245614034,0.3809523809342404,60.898427343953294,3.5677446639297443,1,21.946797284163623,0.1374751175051171,153.68894711789235,18.93583724569641,13.117682079777731,18.421052631578945,0
KOTA,2026-07-23,2026-07-27,2,7.017543859649122,16,0.6,-2.4590163934426257,-3.2520325203251987,1,1,7.017543859649122,111.0,132.0,108.0,121.0,1529763800.0,5.3863150172048035,185101419800.0,9.090909090909092,9.090909090909092,35.53719008264463,0.5416666666440972,68.06143627698407,3.6166827502699235,1,20.00797727140632,0.17045878021296418,191.03733984299598,27.70448548812665,19.541592570638215,19.834710743801654,4
KOTA,2026-07-22,2026-07-27,3,7.017543859649122,16,0.6,-2.4590163934426257,-3.2520325203251987,1,1,7.017543859649122,104.0,115.0,98.0,111.0,1193981200.0,5.542652180867202,132531913200.0,3.6036036036036037,3.6036036036036037,23.423423423423422,0.7647058823079584,62.15677753752301,2.7014250534350324,1,17.53281354026759,0.21958221849389106,119.49511981630889,18.653126670229828,9.273479031305378,15.315315315315313,3
LCKM,2026-07-23,2026-07-27,2,5.660377358490565,17,0.6,-3.57142857142857,-6.896551724137934,0,1,5.660377358490565,111.0,114.0,110.0,111.0,9184900.0,0.430785985443637,1019523900.0,15.315315315315313,15.315315315315313,22.52252252252252,0.2499999999375,50.03309358903523,1.0525704454051898,1,33.21081109179042,-0.48669322186346164,297.43032106678874,3.159851301115247,-3.3606129200766146,3.6036036036036037,0
LCKM,2026-07-22,2026-07-27,3,5.660377358490565,17,0.6,-3.57142857142857,-6.896551724137934,0,1,5.660377358490565,115.0,115.0,110.0,111.0,10693400.0,0.49225078118238885,1186967400.0,15.315315315315313,15.315315315315313,22.52252252252252,0.19999999996,50.033093590250125,1.1840116643458396,1,32.81694745639134,-0.4512492576548699,190.6477416999278,3.159851301115247,-3.3437826541274847,4.504504504504505,0
IMPC,2026-07-24,2026-07-27,1,4.436860068259385,19,0.6,-2.941176470588236,-3.57142857142857,1,1,4.436860068259385,1540.0,1550.0,1465.0,1465.0,12873800.0,1.0941098682186485,18860117000.0,12.286689419795222,12.286689419795222,19.453924914675767,0.0,43.75659184644913,21.803235722881375,1,21.972371850754815,-0.011279582093837203,-4.92382684038776,-0.22135194959986376,-9.006211180124224,5.802047781569966,0
IMPC,2026-07-23,2026-07-27,2,4.436860068259385,19,0.6,-2.941176470588236,-3.57142857142857,1,1,4.436860068259385,1560.0,1645.0,1535.0,1560.0,27958600.0,2.237839144455908,43615416000.0,5.448717948717949,5.448717948717949,18.269230769230766,0.22727272727066114,52.37701033397658,28.490738911841767,1,23.50530826812481,-0.03135634592406601,-0.16957127225032284,6.593782029381619,-3.84022683843925,7.051282051282051,0
IMPC,2026-07-22,2026-07-27,3,4.436860068259385,19,0.6,-2.941176470588236,-3.57142857142857,1,1,4.436860068259385,1580.0,1635.0,1535.0,1560.0,20231900.0,1.6983756558237144,31561764000.0,4.807692307692308,4.807692307692308,17.628205128205128,0.2499999999975,52.37701033407744,27.91468749183373,1,24.424496985935665,0.04694738500050461,-3.741457855063257,6.757912745936697,-4.464449751975019,6.41025641025641,0
CTTH,2026-07-24,2026-07-27,1,4.098360655737698,21,0.35,-3.937007874015752,-12.857142857142856,0,1,4.098360655737698,132.0,133.0,121.0,122.0,13782200.0,0.45831259810954617,1681428400.0,25.40983606557377,25.40983606557377,39.34426229508197,0.08333333332638888,45.836471828753005,2.9426630169441124,1,24.27718440809768,-0.0953034414857855,60.6782011918799,0.9098428453267116,-13.241359692789079,9.836065573770492,0
CTTH,2026-07-23,2026-07-27,2,4.098360655737698,21,0.35,-3.937007874015752,-12.857142857142856,0,1,4.098360655737698,136.0,138.0,132.0,133.0,15285800.0,0.5070998557901403,2033011400.0,15.037593984962406,15.037593984962406,36.09022556390977,0.16666666663888888,52.2404694280386,3.987005283416103,1,24.957506405937675,-0.08444117271349558,40.409565003750735,10.099337748344373,-6.482913795528054,4.511278195488721,0
CTTH,2026-07-22,2026-07-27,3,4.098360655737698,21,0.35,-3.937007874015752,-12.857142857142856,0,1,4.098360655737698,138.0,140.0,133.0,136.0,11054200.0,0.34779052088191964,1503371200.0,12.5,12.5,35.294117647058826,0.4285714285102041,54.156646455026305,4.2817336129575105,1,24.392056106187713,-0.05418319774792117,240.43476468932258,12.769485903814267,-5.292479108635094,5.147058823529411,0
MCAS,2026-07-27,2026-07-28,1,21.80451127819549,3,1.0,0.0,0.0,1,1,21.80451127819549,262.0,266.0,220.0,266.0,20822500.0,2.986372903282249,5538785000.0,0.0,0.0,45.11278195488722,0.999999999978261,78.99058766878242,12.568777377495081,1,23.62143096573046,0.214923843517471,290.6734542799485,60.53108026554015,32.246196678930104,17.293233082706767,5
MCAS,2026-07-24,2026-07-28,2,21.80451127819549,3,1.0,0.0,0.0,1,1,21.80451127819549,161.0,214.0,160.0,214.0,47699300.0,7.980982562050121,10207650200.0,0.0,0.0,31.775700934579437,0.9999999999814816,68.56024410570532,7.0376630703798995,1,20.580356810037948,0.07185112309014739,192.71876303310216,33.208839091192026,5.888174171202378,25.233644859813083,4
MCAS,2026-07-23,2026-07-28,3,21.80451127819549,3,1.0,0.0,0.0,1,1,21.80451127819549,150.0,183.0,150.0,159.0,15643900.0,4.326168175193785,2487380100.0,25.157232704402517,25.157232704402517,33.33333333333333,0.2727272727190083,38.64274407377595,3.1479260671402685,1,18.46935401987778,-0.5430392901042614,48.89874114720793,0.0,-22.09701126898579,20.754716981132077,3
BEEF,2026-07-27,2026-07-28,1,10.000000000000009,6,1.0,0.0,0.0,1,1,10.000000000000009,340.0,358.0,330.0,340.0,8789800.0,0.1890550142176262,2988532000.0,5.88235294117647,5.88235294117647,31.76470588235294,0.357142857130102,79.81353990186892,7.855435130528143,1,53.52993474001077,0.21853528013545492,18.976864965110433,30.643611911623438,72.51877410188754,8.235294117647058,0
BEEF,2026-07-24,2026-07-28,2,10.000000000000009,6,1.0,0.0,0.0,1,1,10.000000000000009,352.0,360.0,334.0,340.0,24897500.0,0.5391922197794915,8465150000.0,5.88235294117647,5.88235294117647,31.76470588235294,0.23076923076035502,79.81353990237382,8.683792227944448,1,52.15772497301372,0.22144086292950138,24.71973990441843,36.10888710968774,75.78326956881399,7.647058823529412,0
BEEF,2026-07-23,2026-07-28,3,10.000000000000009,6,1.0,0.0,0.0,1,1,10.000000000000009,320.0,352.0,310.0,352.0,40504700.0,0.8806422507038885,14257654400.0,0.0,0.0,28.40909090909091,0.9999999999761906,85.86634775053209,8.816718993981741,1,50.35219449058921,0.2253217678885176,32.627720016441636,47.06496762063924,85.49747048903879,11.931818181818182,5
HOKI,2026-07-23,2026-07-28,3,5.555555555555558,8,1.0,0.0,0.0,1,1,5.555555555555558,55.0,56.0,54.0,55.0,19710800.0,0.8088034953993218,1084094000.0,3.6363636363636362,5.454545454545454,10.909090909090908,0.49999999975,55.52015785269667,0.598112920495447,1,34.82907746993599,-0.40134654897911826,54.75781887013511,4.364326375711569,-1.4690075241848806,3.6363636363636362,0
KOTA,2026-07-27,2026-07-28,1,4.918032786885251,10,1.0,0.0,0.0,1,1,4.918032786885251,116.0,123.0,111.0,122.0,603951100.0,1.7725052954214624,73682034200.0,8.19672131147541,8.19672131147541,33.60655737704918,0.9166666665902777,65.3824458247561,3.8661661011194948,1,23.747130153152543,0.2026815696876609,154.4863549425347,25.19240636223704,21.393034825870647,9.836065573770492,1
KOTA,2026-07-24,2026-07-28,2,4.918032786885251,10,1.0,0.0,0.0,1,1,4.918032786885251,123.0,127.0,106.0,114.0,679718600.0,2.170969987728143,77487920400.0,15.789473684210526,15.789473684210526,37.719298245614034,0.3809523809342404,60.898427343953294,3.5677446639297443,1,21.946797284163623,0.1374751175051171,153.68894711789235,18.93583724569641,13.117682079777731,18.421052631578945,0
KOTA,2026-07-23,2026-07-28,3,4.918032786885251,10,1.0,0.0,0.0,1,1,4.918032786885251,111.0,132.0,108.0,121.0,1529763800.0,5.3863150172048035,185101419800.0,9.090909090909092,9.090909090909092,35.53719008264463,0.5416666666440972,68.06143627698407,3.6166827502699235,1,20.00797727140632,0.17045878021296418,191.03733984299598,27.70448548812665,19.541592570638215,19.834710743801654,4
ELSA,2026-07-27,2026-07-28,1,4.580152671755733,11,0.6,0.0,0.0,1,1,4.580152671755733,665.0,670.0,650.0,655.0,20147400.0,0.6846469433450356,13196547000.0,7.633587786259542,7.633587786259542,10.687022900763358,0.2499999999875,57.48582531616468,4.478871291068561,1,38.228941107371206,0.20411193401831879,75.03484115445377,5.178643115214773,10.306144942984913,3.0534351145038165,0
ELSA,2026-07-24,2026-07-28,2,4.580152671755733,11,0.6,0.0,0.0,1,1,4.580152671755733,700.0,705.0,665.0,665.0,28121600.0,0.9610857600621184,18700864000.0,6.015037593984962,6.015037593984962,10.526315789473683,0.0,60.34559819457622,7.324809772519291,1,39.8023505317503,0.21292083217611493,94.53802562200009,7.86699107866991,12.010623507573303,6.015037593984962,0
ELSA,2026-07-23,2026-07-28,3,4.580152671755733,11,0.6,0.0,0.0,1,1,4.580152671755733,695.0,705.0,690.0,700.0,54908700.0,1.9287833202484892,38436090000.0,0.7142857142857143,0.7142857142857143,12.857142857142856,0.6666666666222222,71.98389649982835,9.946808678310664,1,40.626172140489146,0.261049304411244,117.52629153224117,14.801148011480114,17.967164412505838,2.142857142857143,4
GPRA,2026-07-27,2026-07-28,1,4.081632653061229,12,0.6,0.0,0.0,1,1,4.081632653061229,100.0,101.0,98.0,98.0,52662300.0,1.061591168173008,5160905400.0,12.244897959183673,12.244897959183673,12.244897959183673,0.0,44.71199709755137,0.1814195691277513,1,29.80518500878114,-0.13023423125945965,-166.6612688507736,-2.592087196544388,-2.99082447641408,3.061224489795918,0
GPRA,2026-07-24,2026-07-28,2,4.081632653061229,12,0.6,0.0,0.0,1,1,4.081632653061229,109.0,109.0,100.0,100.0,90722900.0,1.9203080692059276,9072290000.0,10.0,10.0,12.0,0.0,47.510585719267795,0.6163854495850096,1,29.84991161731977,-0.086730782117398,39.29453946412133,-0.6056234375052019,-1.2052946515078216,9.0,0
GPRA,2026-07-23,2026-07-28,3,4.081632653061229,12,0.6,0.0,0.0,1,1,4.081632653061229,104.0,110.0,102.0,110.0,90065600.0,2.0477775968961933,9907216000.0,0.0,0.0,10.909090909090908,0.999999999875,66.97321206164578,1.054278539665055,1,28.99887163681035,-0.01900074392218098,100.80227852549652,9.49492799599631,8.504133204850122,7.2727272727272725,2
OPMS,2026-07-27,2026-07-28,1,4.0000000000000036,13,0.6,0.0,0.0,1,1,4.0000000000000036,100.0,111.0,98.0,100.0,54273600.0,1.788862326724727,5427360000.0,18.0,18.0,21.0,0.15384615383431952,50.09862766852846,0.2789646449771118,1,42.89090462668374,-0.42104457606766577,-39.30569326155787,0.5530417295123149,-0.3785614664275707,13.0,1
OPMS,2026-07-24,2026-07-28,2,4.0000000000000036,13,0.6,0.0,0.0,1,1,4.0000000000000036,100.0,118.0,97.0,99.0,145867300.0,4.894406928463733,14440862700.0,19.19191919191919,19.19191919191919,21.21212121212121,0.0952380952335601,47.89954887920247,0.4307705843634303,1,41.60493808510602,-0.40616958773192513,-57.891183380834676,0.15174506828528647,-1.9024970273483963,21.21212121212121,0
